temperature,humidity,rainfall,wind_speed,soil_ph,nitrogen,organic_carbon,clay,sand,silt,cec,season,label
28.75,64.09,150.79,8.72,7.08,66.07,11.78,40.84,28.58,30.58,30.65,Kharif,Cotton
26.13,64.39,105.25,10.52,6.87,76.66,17.85,31.52,42.44,26.04,16.8,Whole Year,Orange
27.22,60.15,141.91,6.13,6.91,61.54,13.41,41.28,29.25,29.47,28.64,Kharif,Cotton
32.94,50.93,91.41,7.64,6.4,65.81,19.31,26.64,47.54,25.82,19.43,Whole Year,Mango
37.06,50.74,62.75,10.17,6.69,68.75,10.72,18.91,62.43,18.66,16.46,Whole Year,Water Melon
26.37,72.85,177.12,6.03,6.62,67.24,25.0,30.18,31.26,38.56,25.0,Whole Year,Banana
30.07,73.93,136.62,7.72,6.57,77.89,23.7,30.72,47.13,22.15,25.28,Whole Year,Papaya
26.49,65.14,121.85,11.71,6.38,76.93,21.33,33.84,41.92,24.24,18.69,Kharif,Maize
22.14,57.49,100.16,4.19,5.8,42.94,18.54,25.75,46.38,27.87,15.79,Rabi,Beans
25.0,64.84,72.28,9.6,6.88,33.79,15.95,32.18,41.99,25.83,19.33,Kharif,Black Gram Dal(Urd Dal)
27.61,56.11,78.58,10.83,6.79,39.48,12.21,29.02,45.56,25.42,16.53,Kharif,Black Gram Dal(Urd Dal)
31.35,51.57,56.11,10.65,6.91,72.03,17.57,17.76,62.74,19.5,8.62,Whole Year,Water Melon
24.34,55.73,55.6,9.03,6.89,52.54,23.2,21.46,53.15,25.39,15.95,Whole Year,Grapes
23.17,71.35,115.28,7.04,6.57,69.48,20.65,23.61,46.62,29.77,18.16,Whole Year,Orange
28.49,52.96,68.19,10.39,6.95,53.33,16.15,28.19,49.13,22.68,14.89,Whole Year,Grapes
30.3,77.28,155.73,8.34,6.85,81.58,24.01,25.56,47.34,27.1,19.55,Whole Year,Papaya
28.21,54.77,78.89,9.82,6.84,37.47,9.31,29.97,42.57,27.46,16.96,Kharif,Black Gram Dal(Urd Dal)
25.85,56.37,136.78,6.94,7.22,59.13,14.82,37.59,28.13,34.28,31.76,Kharif,Cotton
30.0,57.93,111.91,10.97,6.29,84.66,10.59,30.05,45.5,24.45,21.71,Whole Year,Mango
29.61,45.73,37.37,10.89,6.73,80.45,18.13,19.32,58.15,22.53,10.53,Whole Year,Water Melon
23.93,59.57,105.0,9.41,6.74,68.14,18.16,23.74,47.45,28.81,19.35,Whole Year,Orange
24.83,51.44,65.19,9.26,6.74,54.69,16.44,26.03,49.75,24.22,16.65,Whole Year,Grapes
27.37,75.19,162.54,12.04,7.03,97.31,25.0,32.8,31.47,35.73,24.51,Kharif,Rice
27.46,57.41,75.1,8.35,7.13,76.93,25.0,30.26,40.67,29.07,20.17,Whole Year,Pomegranate
26.51,54.21,133.8,8.9,7.22,54.83,16.62,38.87,28.29,32.84,31.63,Kharif,Cotton
29.37,58.45,47.91,8.99,6.65,68.21,16.62,16.96,61.48,21.56,13.04,Whole Year,Karbuja(Musk Melon)
32.31,50.34,52.33,11.24,6.56,69.41,11.63,18.75,61.91,19.34,14.5,Whole Year,Karbuja(Musk Melon)
19.73,68.89,116.35,6.67,6.8,60.55,20.68,26.43,48.61,24.96,13.24,Whole Year,Orange
28.07,75.05,176.74,10.59,6.78,78.13,25.0,30.92,33.97,35.11,17.99,Kharif,Rice
23.33,56.97,78.13,9.66,6.66,49.97,10.8,25.44,49.41,25.15,19.16,Whole Year,Grapes
28.92,76.39,149.96,9.96,6.81,90.84,24.23,32.91,36.81,30.28,29.03,Kharif,Rice
28.12,59.79,126.95,10.1,6.88,63.28,17.84,35.52,34.92,29.56,31.33,Kharif,Cotton
28.87,67.97,87.89,8.85,6.59,44.26,16.02,29.52,41.67,28.81,17.33,Kharif,Black Gram Dal(Urd Dal)
23.35,64.98,95.73,9.05,6.63,65.0,19.75,26.77,47.75,25.48,20.29,Whole Year,Orange
24.89,57.91,93.22,7.96,6.64,36.45,14.01,28.53,44.53,26.94,13.41,Rabi,Beans
29.74,52.33,62.19,11.73,7.07,71.13,13.21,19.63,60.89,19.48,12.71,Whole Year,Water Melon
26.13,57.46,120.69,7.92,6.17,76.39,6.4,30.71,43.42,25.87,21.08,Kharif,Maize
26.4,59.47,65.93,10.23,7.25,63.44,25.0,30.15,38.89,30.96,21.16,Whole Year,Pomegranate
28.12,81.9,172.66,7.47,6.67,64.77,16.79,26.98,35.2,37.82,27.15,Kharif,Rice
26.45,79.83,164.37,10.41,6.13,92.84,25.0,31.78,34.15,34.07,22.35,Whole Year,Banana
24.4,57.94,127.53,8.73,6.93,72.26,7.91,38.0,38.59,23.41,20.63,Kharif,Maize
31.23,48.28,50.5,10.31,6.5,69.38,14.77,20.64,60.35,19.01,14.38,Whole Year,Karbuja(Musk Melon)
32.35,78.55,131.01,10.22,6.64,79.3,20.17,30.36,43.64,26.0,18.68,Whole Year,Papaya
24.27,57.13,117.88,9.74,6.68,81.19,15.29,25.96,52.17,21.87,17.91,Whole Year,Orange
31.99,63.54,97.3,6.44,6.42,76.37,22.13,30.98,47.14,21.88,20.47,Whole Year,Mango
35.4,55.82,60.83,12.66,6.76,69.92,15.44,17.85,60.03,22.12,13.16,Whole Year,Water Melon
27.48,67.9,175.88,8.89,6.65,82.4,22.12,28.14,48.5,23.36,19.75,Whole Year,Papaya
31.64,51.52,110.87,8.65,6.44,83.1,20.38,24.9,41.92,33.18,18.09,Whole Year,Mango
29.65,56.83,88.7,11.8,7.1,63.87,25.0,32.64,37.27,30.09,21.29,Whole Year,Pomegranate
28.6,74.58,172.43,10.64,6.59,77.54,25.0,24.64,35.39,39.97,26.93,Whole Year,Banana
31.92,52.67,60.46,11.96,6.88,79.54,11.67,17.58,61.46,20.96,12.59,Whole Year,Water Melon
23.42,50.43,83.78,5.27,5.96,36.26,15.92,25.19,45.32,29.49,15.55,Rabi,Beans
31.42,53.07,84.98,6.84,6.94,62.91,25.0,28.85,48.43,22.72,16.5,Whole Year,Mango
27.5,68.66,93.35,5.45,6.72,71.7,21.56,29.99,44.39,25.62,16.0,Whole Year,Orange
29.36,59.75,147.72,12.62,7.47,62.83,13.21,40.73,27.69,31.58,34.46,Kharif,Cotton
25.06,60.9,155.88,11.8,6.26,86.32,18.38,30.9,43.42,25.68,21.67,Kharif,Maize
23.79,67.69,99.77,11.5,6.54,58.77,21.32,28.06,47.82,24.12,17.93,Whole Year,Orange
18.86,60.92,123.94,8.51,5.91,35.64,11.14,27.19,45.68,27.13,14.91,Rabi,Beans
26.81,79.67,189.33,11.19,6.49,85.17,25.0,30.61,32.29,37.1,20.83,Kharif,Rice
20.31,64.22,93.99,7.03,6.79,85.9,22.97,26.04,44.51,29.45,19.45,Whole Year,Orange
28.13,70.42,125.27,8.39,6.83,74.66,16.12,35.45,37.85,26.7,20.14,Kharif,Maize
25.36,64.27,74.04,9.47,6.86,43.49,14.68,28.68,42.69,28.63,17.8,Kharif,Black Gram Dal(Urd Dal)
32.54,52.72,52.27,10.91,6.43,78.0,14.83,15.63,63.6,20.77,12.83,Whole Year,Karbuja(Musk Melon)
30.2,55.71,78.39,9.53,7.45,74.68,25.0,29.93,43.41,26.66,23.92,Whole Year,Pomegranate
29.47,64.8,66.19,6.95,6.59,46.36,14.65,29.67,42.37,27.96,18.51,Kharif,Black Gram Dal(Urd Dal)
27.33,77.2,188.16,10.9,6.74,87.13,24.01,27.43,37.01,35.56,24.06,Whole Year,Banana
24.86,65.34,126.54,8.39,7.12,72.84,14.13,32.35,42.88,24.77,25.2,Kharif,Maize
31.97,50.47,68.4,12.45,6.4,56.77,16.96,20.03,59.68,20.29,13.88,Whole Year,Karbuja(Musk Melon)
20.86,58.47,91.75,6.44,6.14,37.82,10.99,25.23,48.05,26.72,20.86,Rabi,Beans
25.53,61.68,160.17,8.83,6.72,61.99,13.6,39.04,31.06,29.9,31.51,Kharif,Cotton
27.71,77.96,167.5,7.75,6.8,89.28,25.0,30.25,35.85,33.9,27.16,Whole Year,Banana
21.07,52.9,72.29,9.49,7.35,51.85,17.48,28.96,48.51,22.53,17.62,Whole Year,Grapes
27.14,61.04,87.67,8.67,6.61,44.72,12.11,30.28,42.26,27.46,15.04,Kharif,Black Gram Dal(Urd Dal)
20.92,56.45,106.08,7.11,6.16,44.13,18.93,23.56,48.26,28.18,18.87,Rabi,Beans
30.67,53.12,128.67,9.89,6.46,64.51,25.0,32.92,42.8,24.28,19.63,Whole Year,Mango
30.74,73.42,109.7,5.05,6.53,70.98,22.1,27.63,47.94,24.43,18.7,Whole Year,Papaya
27.95,55.73,88.54,9.78,6.09,60.03,13.56,31.04,43.23,25.73,13.64,Whole Year,Mango
31.51,44.6,45.67,10.88,6.57,61.58,11.74,19.07,60.6,20.33,10.79,Whole Year,Karbuja(Musk Melon)
28.14,51.08,123.19,9.43,6.66,74.33,21.72,27.34,45.58,27.08,23.06,Whole Year,Mango
33.85,58.44,106.77,7.78,6.64,66.02,20.12,30.4,41.33,28.27,14.62,Whole Year,Mango
19.84,57.33,92.67,6.04,6.44,46.51,13.33,29.14,42.92,27.94,19.22,Rabi,Beans
27.79,58.8,142.35,6.95,6.84,70.71,14.64,37.63,30.76,31.61,30.27,Kharif,Cotton
21.89,58.44,150.63,8.44,6.31,71.39,18.7,34.51,36.13,29.36,26.91,Kharif,Maize
26.85,58.62,92.69,11.56,6.7,74.55,17.09,35.67,39.41,24.92,22.18,Kharif,Maize
26.88,60.13,86.1,10.19,6.97,70.05,25.0,25.33,43.33,31.34,20.81,Whole Year,Pomegranate
33.69,48.11,46.82,13.88,6.42,74.6,13.14,20.0,58.74,21.26,12.19,Whole Year,Karbuja(Musk Melon)
32.4,72.77,192.16,10.43,6.75,73.17,25.0,27.47,34.04,38.49,23.02,Kharif,Rice
28.99,72.93,141.83,7.14,6.22,79.75,23.16,30.49,32.75,36.76,28.22,Kharif,Rice
28.08,73.99,165.52,7.27,6.83,87.62,25.0,29.07,39.28,31.65,21.16,Whole Year,Banana
30.94,51.0,53.8,8.58,6.48,63.85,7.76,20.68,60.95,18.37,13.02,Whole Year,Karbuja(Musk Melon)
27.9,68.73,80.43,11.33,7.16,68.32,15.45,27.13,46.12,26.75,13.48,Whole Year,Orange
30.34,71.83,122.91,6.5,6.42,80.79,20.89,27.38,48.93,23.69,16.32,Whole Year,Papaya
26.37,56.42,148.8,10.83,6.87,57.75,15.92,39.6,28.75,31.65,31.51,Kharif,Cotton
27.14,47.6,73.45,10.47,6.45,68.67,12.81,20.18,60.86,18.96,13.49,Whole Year,Water Melon
23.51,50.21,76.16,9.6,6.89,58.98,16.01,26.52,45.73,27.75,15.82,Whole Year,Grapes
20.37,53.57,98.21,8.52,6.18,34.48,13.8,28.04,45.37,26.59,13.59,Rabi,Beans
28.24,53.45,113.32,8.17,6.57,69.77,18.87,29.93,45.53,24.54,22.77,Whole Year,Mango
24.92,67.77,83.95,6.77,6.6,24.21,14.52,28.19,42.07,29.74,15.74,Kharif,Black Gram Dal(Urd Dal)
28.03,75.15,165.94,7.39,6.65,75.22,23.1,30.68,35.67,33.65,18.89,Kharif,Rice
26.33,49.32,68.0,8.38,6.88,55.66,20.75,25.46,50.6,23.94,15.24,Whole Year,Grapes
28.35,74.85,168.51,9.78,6.69,100.02,25.0,24.2,34.46,41.34,22.21,Kharif,Rice
28.77,75.07,172.64,8.44,6.83,86.18,25.0,25.65,36.58,37.77,27.93,Whole Year,Banana
20.96,63.6,116.16,7.98,6.29,39.81,16.78,34.47,38.75,26.78,19.76,Rabi,Beans
29.96,44.39,65.36,7.12,6.81,53.99,19.16,17.64,58.61,23.75,15.24,Whole Year,Karbuja(Musk Melon)
31.55,62.16,90.93,11.3,6.18,54.67,19.08,31.68,44.79,23.53,18.08,Whole Year,Mango
29.36,59.02,115.05,10.36,6.82,81.76,25.0,30.14,45.16,24.7,22.05,Kharif,Maize
28.05,70.98,85.12,9.54,6.9,66.5,16.38,23.65,50.88,25.47,18.23,Whole Year,Orange
21.22,57.02,105.9,7.31,6.02,38.87,13.53,23.4,47.1,29.5,12.98,Rabi,Beans
30.9,52.9,114.18,9.82,6.77,70.63,24.76,29.86,44.0,26.14,14.93,Whole Year,Mango
30.18,59.43,88.52,9.82,6.35,63.42,16.28,26.83,48.61,24.56,24.48,Whole Year,Mango
27.81,64.34,79.56,9.35,6.79,32.55,12.85,27.78,46.95,25.27,18.15,Kharif,Black Gram Dal(Urd Dal)
31.22,69.22,131.6,8.15,6.51,74.47,25.0,27.35,46.26,26.39,16.81,Whole Year,Papaya
28.15,81.77,170.87,11.37,6.56,81.62,25.0,32.74,34.44,32.82,25.41,Kharif,Rice
33.16,45.15,50.6,11.19,6.76,63.91,17.19,13.14,67.57,19.29,14.61,Whole Year,Karbuja(Musk Melon)
29.44,64.19,64.7,8.49,6.68,38.27,14.31,32.11,34.45,33.44,16.2,Kharif,Black Gram Dal(Urd Dal)
27.97,56.86,128.54,5.93,7.25,55.15,11.77,41.08,29.33,29.59,31.1,Kharif,Cotton
24.88,73.02,182.5,8.96,6.2,96.81,24.33,30.21,37.19,32.6,20.98,Whole Year,Banana
24.35,59.25,71.38,12.14,6.94,71.57,22.23,30.58,40.01,29.41,25.21,Whole Year,Pomegranate
27.1,62.58,121.15,9.74,6.62,69.91,8.26,35.81,37.82,26.37,22.92,Kharif,Maize
24.39,69.89,91.32,7.84,6.5,90.68,19.53,27.16,41.98,30.86,18.55,Whole Year,Orange
26.92,55.54,93.5,12.25,7.06,65.04,25.0,33.22,40.26,26.52,22.96,Whole Year,Pomegranate
19.65,56.24,105.18,8.7,5.92,37.15,14.33,25.75,45.53,28.72,14.99,Rabi,Beans
29.68,48.04,49.52,11.98,6.9,67.79,11.6,19.17,58.2,22.63,13.3,Whole Year,Karbuja(Musk Melon)
29.55,72.14,129.14,10.83,6.79,74.82,20.86,29.52,43.97,26.51,20.84,Whole Year,Papaya
21.23,68.6,107.2,8.17,6.29,35.67,20.74,23.86,45.33,30.81,20.81,Rabi,Beans
26.59,60.26,55.83,11.92,6.71,70.8,11.17,24.21,48.72,27.07,19.95,Whole Year,Grapes
29.48,54.81,74.06,12.05,6.87,73.39,10.56,20.71,57.6,21.69,14.43,Whole Year,Water Melon
30.27,49.12,52.42,7.43,6.86,55.16,18.72,18.84,62.66,18.5,16.61,Whole Year,Karbuja(Musk Melon)
31.74,57.57,46.53,12.08,6.68,73.74,18.19,18.81,62.4,18.79,15.55,Whole Year,Water Melon
28.97,71.22,165.61,6.46,6.81,73.24,21.47,22.42,49.93,27.65,19.37,Whole Year,Papaya
25.85,79.9,165.22,11.04,6.69,80.05,24.59,25.34,34.33,40.33,22.11,Kharif,Rice
24.59,53.91,69.59,8.73,6.39,59.7,10.05,27.03,47.76,25.21,17.29,Whole Year,Grapes
20.65,63.12,109.47,12.02,6.63,65.11,17.34,25.18,47.26,27.56,19.69,Whole Year,Orange
29.2,79.44,167.28,8.12,6.98,96.67,23.83,30.87,36.05,33.08,21.0,Whole Year,Banana
20.23,58.23,81.59,8.79,6.2,46.56,14.75,27.57,40.61,31.82,16.43,Rabi,Beans
21.38,60.4,98.14,5.07,5.85,35.58,20.06,23.58,48.89,27.53,18.31,Rabi,Beans
24.37,57.55,91.91,9.28,5.84,44.1,16.89,28.23,42.99,28.78,19.38,Rabi,Beans
25.98,57.67,125.84,9.01,6.95,63.21,18.12,31.62,43.14,25.24,21.63,Kharif,Maize
27.35,51.72,84.61,9.94,7.16,74.76,25.0,24.87,46.08,29.05,24.5,Whole Year,Pomegranate
27.17,75.76,175.53,8.68,6.3,59.21,24.3,25.74,35.21,39.05,22.66,Kharif,Rice
22.24,59.1,87.94,4.8,6.24,35.45,13.4,23.34,49.05,27.61,17.94,Rabi,Beans
35.53,42.44,54.33,8.75,6.57,64.72,12.92,18.39,59.82,21.79,16.06,Whole Year,Water Melon
24.81,48.64,95.06,10.18,7.12,40.81,13.85,28.35,50.07,21.58,20.05,Whole Year,Grapes
28.03,79.6,159.44,9.99,6.57,82.63,25.0,34.36,31.25,34.39,24.68,Kharif,Rice
27.97,74.12,137.93,10.28,6.97,80.62,25.0,27.95,33.12,38.93,22.44,Kharif,Rice
25.28,73.75,166.35,11.02,6.49,87.61,24.68,21.06,41.45,37.49,19.33,Kharif,Rice
26.6,64.24,99.39,11.9,6.98,58.34,12.79,31.98,39.82,28.2,23.89,Kharif,Maize
27.02,50.88,87.99,8.19,7.27,66.95,25.0,31.78,43.14,25.08,20.37,Whole Year,Pomegranate
31.59,48.11,66.19,11.88,6.46,67.32,13.69,15.66,64.54,19.8,12.11,Whole Year,Water Melon
31.3,73.17,118.57,9.37,6.45,69.07,22.78,21.18,49.01,29.81,21.38,Whole Year,Papaya
27.7,63.56,130.97,7.62,6.83,75.21,13.59,36.86,41.8,21.34,20.02,Kharif,Maize
30.15,73.56,190.07,10.41,6.72,82.86,18.54,29.01,34.95,36.04,21.87,Whole Year,Banana
27.95,77.24,176.3,8.12,6.55,74.07,19.32,33.27,31.17,35.56,22.56,Kharif,Rice
27.99,68.61,77.12,7.9,6.69,40.71,14.78,30.02,44.86,25.12,18.84,Kharif,Black Gram Dal(Urd Dal)
29.5,61.0,107.81,10.18,6.66,84.87,9.5,31.26,42.44,26.3,19.33,Kharif,Maize
25.07,60.34,132.94,8.09,7.19,51.88,12.49,36.74,31.78,31.48,30.94,Kharif,Cotton
31.98,72.27,130.65,11.72,6.22,85.06,20.35,26.65,49.02,24.33,21.68,Whole Year,Papaya
22.11,62.52,114.85,8.79,6.75,64.67,14.87,31.91,43.83,24.26,17.97,Whole Year,Orange
30.09,63.84,104.55,6.09,6.83,73.79,20.07,35.62,39.31,25.07,24.37,Kharif,Maize
28.4,58.98,124.01,10.14,6.86,55.91,10.5,37.63,30.57,31.8,33.96,Kharif,Cotton
32.26,52.8,61.27,12.01,6.34,68.12,16.02,19.9,60.37,19.73,10.98,Whole Year,Water Melon
28.79,61.56,69.8,8.54,6.36,38.38,12.29,29.92,39.87,30.21,16.79,Kharif,Black Gram Dal(Urd Dal)
33.48,55.35,50.62,10.68,6.66,77.42,15.08,16.51,60.88,22.61,13.81,Whole Year,Water Melon
28.2,50.62,110.0,8.82,6.31,70.71,23.48,28.76,40.75,30.49,20.58,Whole Year,Mango
27.95,54.91,46.41,11.86,6.62,74.13,14.4,16.68,64.65,18.67,12.77,Whole Year,Karbuja(Musk Melon)
31.53,55.25,58.14,12.51,6.83,78.87,13.15,16.6,62.03,21.37,12.5,Whole Year,Water Melon
27.88,63.78,127.32,8.44,7.09,70.97,16.56,30.25,42.94,26.81,21.47,Kharif,Maize
25.28,60.23,109.39,9.46,6.76,64.29,15.63,28.25,45.11,26.64,17.96,Whole Year,Orange
32.4,60.01,75.38,7.78,6.76,31.64,9.92,28.29,43.26,28.45,18.34,Kharif,Black Gram Dal(Urd Dal)
27.88,81.25,213.65,9.44,6.53,77.5,24.65,24.65,40.48,34.87,25.43,Whole Year,Banana
29.89,67.62,133.62,8.71,6.71,59.85,19.97,35.02,40.26,24.72,18.5,Kharif,Maize
27.54,46.79,59.28,9.0,6.54,73.19,15.13,19.57,56.76,23.67,11.7,Whole Year,Karbuja(Musk Melon)
26.66,71.14,128.47,10.76,7.01,83.34,17.45,36.63,38.5,24.87,24.99,Kharif,Maize
31.56,63.46,68.25,9.87,7.07,75.64,25.0,34.26,39.6,26.14,23.13,Whole Year,Pomegranate
26.34,76.52,166.36,11.14,7.0,84.77,25.0,29.81,36.01,34.18,25.32,Kharif,Rice
30.22,56.26,68.09,7.89,6.86,37.76,13.81,30.56,43.97,25.47,15.72,Kharif,Black Gram Dal(Urd Dal)
25.12,47.65,51.0,11.62,6.51,66.3,17.01,25.2,49.34,25.46,15.65,Whole Year,Grapes
24.81,59.83,138.81,9.11,7.56,61.56,18.61,39.36,25.77,34.87,33.81,Kharif,Cotton
28.98,76.9,144.43,9.45,6.46,93.07,23.89,27.52,39.12,33.36,20.97,Kharif,Rice
33.45,67.65,132.26,4.67,6.79,83.22,22.29,27.8,45.88,26.32,23.81,Whole Year,Papaya
21.52,53.65,104.02,6.77,6.4,45.28,21.61,21.11,46.33,32.56,17.13,Rabi,Beans
25.61,66.56,118.61,11.9,6.53,65.69,20.21,26.69,46.0,27.31,18.32,Whole Year,Orange
28.05,69.92,198.89,9.01,6.82,95.51,25.0,27.06,36.41,36.53,22.17,Whole Year,Banana
27.1,76.45,173.08,10.58,7.11,79.21,24.53,29.33,34.07,36.6,23.0,Kharif,Rice
31.25,53.94,102.48,8.11,6.51,67.75,21.41,33.57,44.75,21.68,20.48,Whole Year,Mango
22.22,59.39,112.57,7.99,6.31,38.6,16.73,30.16,43.73,26.11,16.14,Rabi,Beans
29.26,48.8,50.84,12.01,6.45,72.38,14.2,17.23,60.14,22.63,12.99,Whole Year,Water Melon
27.0,61.79,135.51,6.65,7.11,74.16,18.0,36.07,42.95,20.98,17.08,Kharif,Maize
26.28,79.43,192.52,8.04,6.35,76.89,25.0,28.45,35.64,35.91,23.05,Kharif,Rice
25.19,56.26,117.06,9.41,6.39,74.6,20.28,31.9,38.29,29.81,20.73,Kharif,Maize
26.07,77.75,171.39,9.89,6.95,91.3,25.0,28.56,39.27,32.17,23.62,Whole Year,Banana
26.65,78.06,176.8,6.83,6.85,90.4,18.39,29.43,37.76,32.81,24.65,Kharif,Rice
28.84,56.42,152.26,8.5,7.11,73.38,12.54,37.52,30.55,31.93,37.62,Kharif,Cotton
29.52,65.68,57.75,11.04,6.66,30.7,11.22,24.91,48.65,26.44,18.04,Kharif,Black Gram Dal(Urd Dal)
24.89,56.86,64.63,9.04,6.59,39.83,19.49,23.42,52.93,23.65,17.23,Whole Year,Grapes
27.22,66.64,189.32,8.22,6.88,87.11,25.0,30.28,33.75,35.97,25.35,Whole Year,Banana
26.49,59.71,100.79,8.88,7.01,64.64,17.58,30.19,43.16,26.65,17.62,Whole Year,Orange
26.79,51.15,79.78,13.29,7.24,67.92,25.0,32.26,39.48,28.26,18.8,Whole Year,Pomegranate
27.41,64.89,129.37,9.43,7.03,68.16,11.55,38.37,28.92,32.71,33.49,Kharif,Cotton
30.12,42.44,66.09,6.88,6.49,63.93,14.68,19.15,62.78,18.07,13.38,Whole Year,Karbuja(Musk Melon)
27.99,58.21,107.19,9.97,6.42,86.43,25.0,31.09,45.02,23.89,17.15,Whole Year,Mango
30.84,53.74,77.08,9.4,6.9,72.16,25.0,30.61,38.79,30.6,20.35,Whole Year,Pomegranate
28.45,75.87,127.39,7.68,6.46,83.39,25.0,24.15,46.61,29.24,16.13,Whole Year,Papaya
27.1,72.96,177.73,10.34,6.6,74.08,25.0,29.01,33.76,37.23,17.47,Kharif,Rice
25.07,57.06,115.22,9.61,6.79,65.64,18.12,31.3,41.23,27.47,20.24,Kharif,Maize
29.52,54.67,72.44,9.44,7.3,76.78,25.0,33.0,40.2,26.8,20.77,Whole Year,Pomegranate
27.97,67.03,152.19,9.3,7.2,57.63,11.87,39.5,28.24,32.26,31.06,Kharif,Cotton
26.72,55.71,74.16,11.19,6.89,56.72,24.5,25.65,48.88,25.47,18.25,Whole Year,Grapes
25.49,60.03,117.88,9.29,7.08,74.3,17.08,33.01,40.21,26.78,21.51,Kharif,Maize
27.91,62.2,152.5,7.9,7.04,74.52,17.42,36.96,29.82,33.22,34.24,Kharif,Cotton
25.11,64.76,102.18,11.33,6.67,76.85,19.94,29.75,46.57,23.68,16.4,Whole Year,Orange
27.3,59.57,81.37,8.69,6.86,32.37,15.8,26.88,46.26,26.86,15.76,Kharif,Black Gram Dal(Urd Dal)
28.33,63.44,149.74,8.25,7.16,71.02,12.97,37.2,30.91,31.89,33.51,Kharif,Cotton
26.04,84.53,163.65,7.67,6.74,85.06,20.86,30.57,32.42,37.01,21.62,Kharif,Rice
31.75,49.68,116.25,8.89,6.69,68.56,20.73,28.97,43.93,27.1,18.48,Whole Year,Mango
33.2,56.68,43.32,10.94,6.74,74.84,10.96,19.33,58.39,22.28,15.57,Whole Year,Water Melon
32.11,50.59,53.22,8.67,6.75,73.43,13.49,20.55,59.55,19.9,15.95,Whole Year,Karbuja(Musk Melon)
21.37,62.77,98.94,7.02,5.72,52.18,13.6,25.4,51.59,23.01,14.65,Rabi,Beans
26.91,46.45,68.0,8.78,6.8,69.32,14.4,18.12,60.52,21.36,17.44,Whole Year,Water Melon
24.72,67.02,109.32,11.24,6.96,80.92,13.8,24.97,52.63,22.4,17.69,Whole Year,Orange
29.27,57.04,73.54,10.98,6.87,63.76,22.84,28.33,50.89,20.78,18.55,Whole Year,Grapes
26.84,61.56,112.7,9.33,6.69,74.31,18.53,27.16,48.97,23.87,20.18,Whole Year,Orange
28.25,56.81,120.62,6.99,6.75,75.44,11.53,29.31,43.38,27.31,21.08,Kharif,Maize
31.37,57.41,101.2,10.65,7.04,53.3,22.58,31.73,36.93,31.34,22.21,Whole Year,Pomegranate
24.27,56.36,103.71,10.7,6.19,39.39,18.67,26.47,42.84,30.69,19.74,Rabi,Beans
26.19,57.96,85.75,11.17,7.5,81.13,25.0,31.83,41.14,27.03,22.71,Whole Year,Pomegranate
24.1,68.58,81.11,7.41,6.88,68.49,15.56,27.35,44.57,28.08,19.64,Whole Year,Orange
25.28,58.02,64.52,8.68,6.55,37.82,14.36,31.83,41.19,26.98,19.33,Kharif,Black Gram Dal(Urd Dal)
24.94,69.55,189.57,11.52,6.53,99.14,25.0,28.31,35.28,36.41,19.73,Kharif,Rice
25.98,79.8,187.46,9.39,6.56,86.4,24.13,27.46,37.24,35.3,21.93,Kharif,Rice
26.18,75.3,169.17,8.63,7.07,86.17,23.97,27.33,38.11,34.56,20.92,Whole Year,Banana
21.17,63.69,95.41,4.89,6.08,30.69,12.94,24.87,45.27,29.86,20.92,Rabi,Beans
25.04,61.56,142.74,11.28,7.03,62.46,19.02,38.08,31.03,30.89,28.82,Kharif,Cotton
30.65,67.24,149.43,9.92,7.1,62.87,13.01,39.03,31.32,29.65,29.61,Kharif,Cotton
23.62,69.71,107.06,9.49,7.19,56.21,16.75,38.78,30.46,30.76,31.37,Kharif,Cotton
26.2,74.66,185.05,9.09,6.7,89.07,19.1,28.1,37.7,34.2,25.8,Kharif,Rice
26.45,59.4,92.13,10.71,7.07,87.85,25.0,30.89,40.33,28.78,20.83,Whole Year,Pomegranate
24.24,59.55,120.04,7.02,6.52,71.23,18.68,26.65,44.1,29.25,21.26,Whole Year,Orange
27.63,72.2,174.82,9.42,7.02,79.84,25.0,26.39,31.2,42.41,26.42,Whole Year,Banana
19.24,67.33,112.09,5.88,6.32,44.98,14.79,23.67,45.25,31.08,15.89,Rabi,Beans
28.72,63.4,120.75,8.45,7.43,71.75,19.77,30.76,41.6,27.64,22.27,Kharif,Maize
27.76,46.43,74.05,7.66,6.8,50.8,11.52,24.85,50.26,24.89,14.63,Whole Year,Grapes
23.5,67.19,112.72,8.33,6.94,70.23,23.49,27.65,46.45,25.9,17.8,Whole Year,Orange
25.59,76.3,174.01,10.11,6.31,94.91,23.15,30.12,35.11,34.77,24.68,Kharif,Rice
31.65,55.75,84.49,8.7,6.28,67.31,15.21,26.71,48.7,24.59,15.12,Whole Year,Mango
26.42,57.23,87.93,10.43,6.83,48.92,23.84,23.95,47.45,28.6,17.36,Whole Year,Grapes
33.4,52.65,56.89,11.42,6.61,83.43,8.59,15.58,64.6,19.82,13.68,Whole Year,Water Melon
23.1,60.48,106.86,8.75,6.59,59.69,23.66,25.16,45.11,29.73,18.68,Whole Year,Orange
30.45,77.32,179.45,9.74,6.9,84.86,25.0,30.0,32.26,37.74,28.56,Whole Year,Banana
24.81,51.16,68.13,8.44,7.19,64.11,25.0,30.63,40.95,28.42,21.87,Whole Year,Pomegranate
25.97,56.48,114.33,8.26,6.59,67.32,18.2,30.1,44.58,25.32,19.38,Whole Year,Mango
29.43,50.81,91.73,7.96,6.46,71.6,22.3,28.79,46.34,24.87,21.53,Whole Year,Mango
29.29,57.58,103.17,10.34,6.64,68.04,22.33,34.51,36.73,28.76,23.82,Kharif,Maize
22.96,60.02,62.99,10.46,6.82,31.66,14.13,31.72,43.66,24.62,17.75,Kharif,Black Gram Dal(Urd Dal)
25.91,69.15,170.95,9.44,6.96,81.84,18.61,30.61,33.77,35.62,24.06,Kharif,Rice
26.01,54.97,150.01,9.76,6.93,54.76,15.02,38.91,27.76,33.33,36.02,Kharif,Cotton
23.7,63.43,87.1,9.52,7.07,31.6,9.78,31.16,43.44,25.4,16.11,Kharif,Black Gram Dal(Urd Dal)
26.92,71.36,149.2,10.53,6.55,83.62,25.0,27.14,36.19,36.67,24.89,Whole Year,Banana
27.89,70.72,182.18,9.91,6.55,77.19,25.0,29.03,33.07,37.9,28.06,Kharif,Rice
27.35,74.41,181.3,9.74,6.53,83.28,19.65,27.7,37.72,34.58,25.96,Whole Year,Banana
25.48,58.72,72.06,10.34,6.89,40.82,8.6,28.03,44.19,27.78,16.79,Kharif,Black Gram Dal(Urd Dal)
29.1,56.8,138.16,7.3,7.28,67.17,16.48,37.59,32.26,30.15,33.36,Kharif,Cotton
26.55,66.15,100.78,6.77,6.38,67.88,21.22,27.77,47.99,24.24,19.02,Whole Year,Orange
28.71,66.98,75.2,11.2,6.91,38.34,13.44,31.75,43.05,25.2,17.43,Kharif,Black Gram Dal(Urd Dal)
27.64,61.28,154.16,13.6,6.76,87.73,15.61,33.22,43.31,23.47,19.36,Kharif,Maize
25.45,63.7,121.2,10.85,6.91,72.61,20.15,23.88,48.41,27.71,14.44,Whole Year,Orange
27.17,57.91,65.28,12.66,6.97,75.38,25.0,33.86,40.4,25.74,20.16,Whole Year,Pomegranate
29.84,59.68,96.71,11.3,7.18,65.18,25.0,30.43,41.85,27.72,21.89,Whole Year,Pomegranate
22.99,61.75,87.64,6.42,6.23,40.09,11.63,30.57,41.28,28.15,16.21,Rabi,Beans
26.96,41.49,43.47,6.65,6.77,51.45,11.51,20.33,62.37,17.3,14.17,Whole Year,Karbuja(Musk Melon)
28.63,72.64,180.08,9.77,6.76,83.44,25.0,31.67,32.93,35.4,22.52,Kharif,Rice
19.14,59.55,92.82,8.94,6.28,41.63,10.22,25.46,46.71,27.83,14.57,Rabi,Beans
25.48,55.84,110.36,9.18,6.72,60.13,16.86,30.87,45.86,23.27,22.75,Whole Year,Mango
23.92,61.62,83.38,10.17,6.95,77.36,17.09,24.39,47.55,28.06,16.6,Whole Year,Orange
27.37,77.69,194.12,10.84,6.63,89.14,20.69,34.63,36.01,29.36,19.67,Whole Year,Banana
28.33,62.77,141.05,8.72,7.05,65.32,16.77,38.79,29.45,31.76,33.91,Kharif,Cotton
32.6,70.59,162.34,7.84,6.3,82.77,25.0,26.1,48.26,25.64,21.8,Whole Year,Papaya
32.31,46.18,38.99,12.78,6.73,80.22,15.38,18.54,61.61,19.85,14.56,Whole Year,Water Melon
26.91,79.4,162.08,10.42,6.83,82.42,25.0,30.73,32.19,37.08,20.15,Kharif,Rice
30.42,52.94,73.58,10.28,6.73,76.62,22.99,31.51,40.53,27.96,19.7,Whole Year,Mango
28.08,66.09,194.63,8.9,6.86,77.78,25.0,31.62,36.3,32.08,21.23,Whole Year,Banana
30.18,74.61,156.52,10.47,6.4,80.75,17.51,24.5,45.77,29.73,25.82,Whole Year,Papaya
25.6,73.39,185.76,8.86,6.45,87.18,25.0,26.66,37.27,36.07,24.26,Kharif,Rice
25.13,63.71,134.34,11.63,6.2,69.49,12.08,33.9,38.84,27.26,21.04,Kharif,Maize
27.93,63.56,111.39,7.62,7.22,76.71,12.72,34.02,38.98,27.0,16.72,Kharif,Maize
28.06,78.17,200.06,7.44,6.59,75.05,25.0,29.67,38.61,31.72,24.57,Whole Year,Banana
24.27,52.51,78.38,7.76,6.74,58.4,15.79,19.94,52.99,27.07,10.84,Whole Year,Grapes
27.0,66.42,134.75,6.27,6.94,72.83,25.0,25.4,48.01,26.59,17.76,Whole Year,Papaya
25.58,58.99,85.03,12.37,7.05,68.34,23.95,26.35,39.04,34.61,23.11,Whole Year,Pomegranate
30.64,58.15,114.03,10.15,6.32,80.11,21.57,26.82,51.68,21.5,20.24,Whole Year,Mango
28.38,85.83,217.04,7.1,6.85,99.89,25.0,28.14,38.6,33.26,27.18,Whole Year,Banana
23.96,53.1,66.27,8.02,6.85,67.34,13.37,24.49,48.94,26.57,18.23,Whole Year,Grapes
28.75,68.23,133.86,11.37,7.11,55.45,10.34,38.5,28.94,32.56,37.25,Kharif,Cotton
28.23,64.54,75.24,10.66,6.89,30.93,17.35,31.66,39.7,28.64,18.97,Kharif,Black Gram Dal(Urd Dal)
25.31,64.82,120.29,8.09,6.73,73.65,15.93,36.83,35.38,27.79,24.84,Kharif,Maize
28.12,53.56,114.53,10.31,6.8,55.97,25.0,33.05,37.0,29.95,25.22,Whole Year,Pomegranate
26.31,52.58,75.68,12.33,7.08,55.42,13.12,25.83,50.82,23.35,19.31,Whole Year,Grapes
29.07,49.96,88.09,12.43,6.96,75.8,12.88,18.49,63.72,17.79,15.12,Whole Year,Water Melon
32.36,43.64,44.62,8.86,6.87,63.84,10.33,22.03,58.55,19.42,14.43,Whole Year,Karbuja(Musk Melon)
34.64,54.49,69.02,11.43,6.85,84.39,9.39,20.69,61.61,17.7,16.3,Whole Year,Water Melon
30.07,70.89,162.15,8.54,6.73,93.77,18.74,25.93,47.6,26.47,24.98,Whole Year,Papaya
28.46,63.76,104.87,8.58,6.53,71.25,20.79,34.71,38.0,27.29,26.36,Kharif,Maize
28.47,58.68,127.49,9.05,6.65,80.29,19.43,38.28,41.68,20.04,18.25,Kharif,Maize
28.43,56.56,170.56,8.42,6.9,68.38,12.1,39.75,28.09,32.16,30.17,Kharif,Cotton
31.38,56.74,136.92,8.34,6.27,73.08,23.28,30.62,44.47,24.91,16.68,Whole Year,Mango
27.43,55.33,60.71,7.29,6.28,55.33,12.88,26.82,49.4,23.78,18.23,Whole Year,Grapes
26.35,46.64,81.21,8.4,7.07,56.83,14.58,24.54,55.29,20.17,17.23,Whole Year,Grapes
26.95,56.93,92.05,11.83,7.12,69.58,25.0,31.14,39.27,29.59,23.78,Whole Year,Pomegranate
27.74,61.34,85.41,8.57,6.89,40.51,22.11,27.78,43.51,28.71,19.3,Kharif,Black Gram Dal(Urd Dal)
28.73,74.79,136.68,9.18,6.63,77.44,20.27,28.25,52.7,19.05,20.41,Whole Year,Papaya
25.73,76.65,135.5,9.54,6.38,90.55,22.37,23.7,51.73,24.57,17.77,Whole Year,Papaya
24.46,69.49,98.5,7.63,6.9,71.42,17.41,26.07,46.5,27.43,15.52,Whole Year,Orange
27.81,62.59,87.06,9.31,6.48,36.03,8.27,27.82,44.85,27.33,19.25,Kharif,Black Gram Dal(Urd Dal)
26.33,70.2,118.18,8.41,6.39,64.84,18.99,30.1,48.23,21.67,18.54,Whole Year,Orange
35.38,49.25,43.1,10.12,6.74,81.01,16.86,19.63,62.25,18.12,11.81,Whole Year,Water Melon
32.05,58.42,109.35,11.02,6.72,76.08,10.47,34.58,40.59,24.83,21.95,Whole Year,Mango
22.42,67.02,122.24,9.23,6.89,81.3,22.55,34.34,39.43,26.23,16.5,Whole Year,Orange
25.16,57.58,143.79,9.73,6.95,66.09,12.44,40.32,25.19,34.49,32.71,Kharif,Cotton
28.18,76.25,165.59,7.65,6.74,74.18,25.0,28.16,33.98,37.86,22.88,Whole Year,Banana
30.81,52.66,54.56,10.98,6.37,70.31,18.59,21.39,59.9,18.71,13.72,Whole Year,Karbuja(Musk Melon)
32.66,45.69,58.69,9.29,6.96,66.2,15.16,15.86,61.24,22.9,15.24,Whole Year,Water Melon
20.47,55.79,93.16,6.73,6.21,35.49,18.44,27.58,43.63,28.79,16.19,Rabi,Beans
26.83,70.49,148.91,8.57,6.75,85.24,18.8,30.14,46.23,23.63,20.33,Whole Year,Papaya
30.66,76.03,157.93,6.86,6.69,76.19,21.88,25.6,42.08,32.32,27.83,Whole Year,Papaya
28.82,69.91,178.39,10.55,6.51,77.97,21.42,27.03,36.44,36.53,22.89,Whole Year,Banana
31.79,52.78,113.19,10.02,6.73,61.98,19.82,26.5,46.16,27.34,19.63,Whole Year,Mango
32.72,48.91,61.89,13.02,6.98,73.12,17.57,19.71,60.31,19.98,12.69,Whole Year,Water Melon
27.77,69.04,130.5,10.59,7.06,71.61,16.86,30.58,46.48,22.94,17.56,Whole Year,Orange
29.3,75.13,187.08,8.28,6.45,94.56,25.0,30.82,36.62,32.56,22.53,Whole Year,Banana
32.84,72.97,120.37,9.9,6.71,74.41,25.0,28.3,48.96,22.74,19.95,Whole Year,Papaya
24.4,74.74,179.98,13.17,6.81,95.89,22.82,27.99,35.63,36.38,25.07,Kharif,Rice
29.35,60.25,93.05,7.65,6.17,67.13,20.51,33.55,42.27,24.18,15.12,Whole Year,Mango
19.74,59.27,109.35,6.27,6.43,49.34,16.77,25.8,41.28,32.92,17.52,Rabi,Beans
18.14,67.76,95.52,4.98,6.31,39.72,13.98,23.65,47.4,28.95,15.98,Rabi,Beans
27.91,66.8,141.35,9.09,6.84,75.63,14.84,39.18,29.88,30.94,31.62,Kharif,Cotton
32.31,73.66,147.24,10.02,6.73,89.44,25.0,24.1,49.51,26.39,19.82,Whole Year,Papaya
27.15,57.05,117.99,8.21,7.1,77.16,17.06,32.03,43.57,24.4,16.09,Kharif,Maize
27.33,58.92,86.79,8.69,7.37,67.54,25.0,28.86,40.66,30.48,21.05,Whole Year,Pomegranate
29.73,41.35,37.09,11.26,6.77,64.04,11.52,17.53,58.57,23.9,10.28,Whole Year,Karbuja(Musk Melon)
35.77,53.89,62.4,10.45,6.65,87.55,16.88,18.9,60.38,20.72,14.02,Whole Year,Water Melon
17.1,58.04,92.23,6.74,6.48,39.25,13.38,24.9,45.01,30.09,15.87,Rabi,Beans
27.94,59.86,152.78,7.1,6.79,90.68,10.38,38.1,40.07,21.83,21.96,Kharif,Maize
27.65,38.51,59.87,11.15,6.82,82.93,14.79,21.14,60.16,18.7,17.05,Whole Year,Water Melon
24.77,69.64,103.83,9.24,6.68,58.88,16.21,28.73,48.83,22.44,18.63,Whole Year,Orange
32.05,50.34,48.3,12.28,6.63,73.57,20.65,17.67,61.46,20.87,14.12,Whole Year,Water Melon
30.03,57.63,87.19,9.28,6.49,66.65,19.49,33.53,43.59,22.88,12.1,Whole Year,Mango
27.08,63.36,125.12,8.5,7.23,72.95,20.45,31.0,48.56,20.44,19.13,Kharif,Maize
27.57,55.07,131.7,9.03,7.02,62.79,15.18,41.84,30.12,28.04,34.04,Kharif,Cotton
30.67,51.62,66.09,9.27,6.73,68.61,19.87,21.43,61.54,17.03,11.64,Whole Year,Water Melon
25.36,65.9,116.14,6.71,6.7,72.85,18.62,30.02,43.47,26.51,16.15,Whole Year,Orange
29.6,41.19,50.76,10.6,6.73,71.0,12.05,20.75,58.33,20.92,17.5,Whole Year,Karbuja(Musk Melon)
32.15,54.39,92.54,9.04,6.52,85.69,18.04,29.85,47.25,22.9,19.3,Whole Year,Mango
30.8,63.57,129.29,8.91,6.55,81.41,18.26,30.21,44.77,25.02,20.78,Whole Year,Mango
30.19,71.88,137.46,7.89,6.7,89.43,21.51,27.56,45.65,26.79,14.08,Whole Year,Papaya
28.5,50.38,86.69,9.22,6.66,74.13,20.79,33.71,42.31,23.98,16.52,Kharif,Maize
33.43,58.27,117.16,7.76,6.64,78.3,21.72,28.16,45.49,26.35,20.97,Whole Year,Mango
25.76,74.03,134.77,6.63,6.86,73.83,20.02,27.69,49.64,22.67,19.94,Whole Year,Papaya
32.82,47.08,62.67,13.36,6.63,73.65,17.32,16.63,60.73,22.64,8.46,Whole Year,Water Melon
30.32,66.47,150.59,11.37,6.96,74.74,15.85,30.74,43.38,25.88,17.03,Whole Year,Papaya
28.58,71.13,181.93,10.62,6.44,65.83,25.0,25.0,37.66,37.34,24.54,Whole Year,Banana
25.95,72.65,113.4,6.13,6.68,76.82,23.51,29.14,43.27,27.59,16.93,Whole Year,Papaya
28.41,55.28,117.76,10.25,6.43,77.0,19.68,26.72,44.5,28.78,17.25,Whole Year,Mango
27.69,48.56,69.23,9.14,6.79,59.09,19.39,21.62,51.82,26.56,15.52,Whole Year,Grapes
29.48,59.23,84.96,6.38,6.87,36.68,16.66,25.97,46.36,27.67,20.11,Kharif,Black Gram Dal(Urd Dal)
31.75,40.63,64.28,14.57,6.58,69.83,11.62,15.26,61.85,22.89,17.18,Whole Year,Water Melon
24.35,56.34,106.06,6.15,6.65,45.79,15.4,29.55,43.59,26.86,18.57,Rabi,Beans
30.51,57.5,143.57,9.83,6.91,64.62,15.56,38.36,27.97,33.67,32.69,Kharif,Cotton
25.3,61.81,127.34,10.81,6.13,72.58,19.0,26.5,46.85,26.65,18.18,Whole Year,Orange
31.26,69.18,157.63,10.1,6.89,80.85,20.47,25.25,44.36,30.39,18.22,Whole Year,Papaya
28.76,67.54,56.41,8.86,6.97,24.2,11.3,30.01,41.65,28.34,17.39,Kharif,Black Gram Dal(Urd Dal)
26.85,58.49,85.76,9.24,6.91,77.38,25.0,36.17,37.92,25.91,19.99,Whole Year,Pomegranate
23.58,50.09,83.18,12.79,6.78,64.03,12.71,22.94,51.38,25.68,19.05,Whole Year,Grapes
29.48,52.05,42.66,12.62,6.75,70.28,13.47,20.13,59.86,20.01,12.32,Whole Year,Karbuja(Musk Melon)
27.35,71.21,134.12,9.44,6.39,86.75,23.63,29.88,44.34,25.78,21.53,Whole Year,Papaya
27.48,76.18,170.96,9.26,6.4,85.19,23.65,30.51,31.95,37.54,24.19,Kharif,Rice
20.2,61.54,93.22,8.1,5.64,33.81,13.12,20.7,51.77,27.53,18.02,Rabi,Beans
26.86,61.57,136.67,7.79,6.37,81.36,12.95,28.32,44.88,26.8,17.6,Whole Year,Orange
26.92,67.25,91.98,8.28,6.91,38.38,7.29,35.26,42.44,22.3,17.9,Kharif,Black Gram Dal(Urd Dal)
25.23,57.27,92.85,10.97,7.04,62.05,25.0,30.97,40.8,28.23,21.31,Whole Year,Pomegranate
30.64,50.32,128.01,8.78,6.19,63.76,25.0,34.24,46.48,19.28,24.53,Whole Year,Mango
27.95,57.55,160.36,9.49,7.31,55.85,14.1,37.5,28.12,34.38,34.76,Kharif,Cotton
28.18,56.26,82.78,10.85,7.06,72.21,24.1,37.02,39.59,23.39,20.6,Whole Year,Pomegranate
28.26,68.46,94.35,7.75,6.49,79.37,16.9,30.74,47.24,22.02,16.51,Whole Year,Orange
26.86,59.63,124.9,7.9,6.67,73.49,17.22,36.22,44.68,19.1,20.3,Kharif,Maize
25.9,76.1,175.28,10.56,6.63,88.07,23.31,30.09,33.68,36.23,25.47,Kharif,Rice
24.4,57.84,72.1,10.24,6.86,49.09,13.57,25.54,48.63,25.83,17.69,Whole Year,Grapes
28.96,60.65,119.61,8.95,6.39,70.81,17.56,29.92,42.21,27.87,20.6,Whole Year,Mango
31.29,52.11,58.8,12.21,6.33,66.03,9.67,20.2,60.09,19.71,12.16,Whole Year,Karbuja(Musk Melon)
30.13,47.4,52.35,10.99,7.02,67.11,14.84,22.6,62.01,15.39,11.96,Whole Year,Karbuja(Musk Melon)
23.6,54.43,65.67,9.83,7.08,48.03,19.48,27.42,48.99,23.59,19.79,Whole Year,Grapes
28.0,76.82,167.0,6.72,6.49,89.99,25.0,33.36,32.27,34.37,22.52,Whole Year,Banana
25.43,53.72,81.35,10.95,6.87,58.24,17.38,24.19,48.42,27.39,16.01,Whole Year,Grapes
26.96,79.46,173.66,7.25,6.68,81.69,19.94,25.69,37.2,37.11,23.38,Kharif,Rice
22.98,68.7,99.42,7.68,6.62,84.08,18.3,28.71,44.52,26.77,18.65,Whole Year,Orange
26.33,63.14,66.05,6.87,6.55,48.23,9.3,23.08,54.26,22.66,19.88,Whole Year,Grapes
25.02,62.43,94.81,10.98,6.69,66.54,19.37,30.18,42.9,26.92,14.4,Whole Year,Orange
34.86,52.1,61.34,12.92,6.64,78.74,13.77,13.26,65.73,21.01,12.92,Whole Year,Water Melon
28.7,61.93,145.06,9.38,7.25,64.85,11.65,40.35,29.33,30.32,35.59,Kharif,Cotton
27.62,58.03,149.52,8.77,7.19,59.57,13.55,36.53,30.27,33.2,35.36,Kharif,Cotton
32.81,52.71,30.85,9.45,6.85,70.99,10.97,17.9,59.81,22.29,13.61,Whole Year,Water Melon
30.94,63.77,121.11,11.23,6.34,75.62,13.59,29.4,45.83,24.77,16.82,Whole Year,Mango
28.82,62.8,69.22,7.57,6.53,33.21,17.75,31.22,42.64,26.14,14.52,Kharif,Black Gram Dal(Urd Dal)
30.05,47.05,49.23,11.51,6.96,69.3,12.91,20.3,60.44,19.26,12.14,Whole Year,Karbuja(Musk Melon)
26.29,78.06,155.52,8.35,6.42,89.64,19.55,30.0,34.88,35.12,19.98,Whole Year,Banana
27.09,55.36,123.57,9.45,6.31,60.65,13.21,28.45,43.93,27.62,15.66,Whole Year,Mango
32.02,55.54,115.78,8.08,6.65,71.14,15.29,27.0,48.86,24.14,22.68,Whole Year,Mango
24.01,47.69,78.03,10.1,6.74,55.63,15.85,24.21,49.87,25.92,16.37,Whole Year,Grapes
28.75,59.15,104.14,11.69,6.56,59.38,21.58,30.74,43.18,26.08,16.6,Whole Year,Mango
27.08,78.52,154.26,9.22,6.44,84.77,25.0,30.34,35.04,34.62,25.04,Kharif,Rice
23.61,66.47,115.41,10.5,6.65,42.26,11.26,24.87,41.19,33.94,13.88,Rabi,Beans
27.63,65.91,71.05,8.74,6.6,40.21,15.33,32.45,43.14,24.41,19.14,Kharif,Black Gram Dal(Urd Dal)
21.42,60.64,83.78,7.15,6.21,45.52,16.08,20.48,45.46,34.06,18.33,Rabi,Beans
28.48,73.89,163.77,8.15,6.61,86.07,25.0,28.41,36.68,34.91,24.19,Whole Year,Banana
27.23,61.76,94.62,7.94,6.64,69.52,13.21,37.84,37.43,24.73,25.49,Kharif,Maize
24.19,61.48,84.59,12.12,6.49,84.06,16.1,27.97,46.0,26.03,18.4,Whole Year,Orange
31.49,62.28,114.54,11.49,7.18,80.74,25.0,31.25,42.07,26.68,23.26,Whole Year,Pomegranate
27.05,68.31,72.94,9.9,6.43,26.21,11.66,32.64,41.27,26.09,16.89,Kharif,Black Gram Dal(Urd Dal)
21.55,62.01,92.58,6.36,5.96,36.68,10.01,25.2,46.98,27.82,19.86,Rabi,Beans
20.17,57.1,109.74,8.98,6.02,39.52,8.78,28.84,43.95,27.21,21.15,Rabi,Beans
26.94,59.65,119.67,6.86,7.24,86.55,14.02,36.49,41.19,22.32,18.66,Kharif,Maize
25.59,65.59,193.18,10.35,6.59,84.78,25.0,32.19,33.38,34.43,29.22,Whole Year,Banana
33.58,54.94,70.99,10.17,6.79,70.31,15.22,16.33,66.37,17.3,12.66,Whole Year,Water Melon
29.33,50.29,60.96,9.69,6.7,81.41,12.21,19.44,59.9,20.66,12.9,Whole Year,Karbuja(Musk Melon)
31.4,79.38,156.56,8.56,6.72,74.34,25.0,30.42,35.01,34.57,27.48,Whole Year,Banana
27.72,73.48,169.79,8.16,6.49,85.36,23.18,26.88,36.13,36.99,25.45,Whole Year,Banana
30.17,73.12,140.6,11.47,6.73,78.78,18.46,22.17,51.62,26.21,19.12,Whole Year,Papaya
28.0,84.61,187.44,10.43,6.51,75.97,25.0,30.67,33.06,36.27,20.91,Kharif,Rice
28.1,56.23,68.86,8.29,6.97,78.05,25.0,30.43,40.79,28.78,23.45,Whole Year,Pomegranate
29.26,57.24,141.34,5.8,7.25,47.07,13.57,38.02,29.02,32.96,31.92,Kharif,Cotton
29.5,64.75,96.19,10.25,7.13,71.88,25.0,29.72,42.41,27.87,19.64,Whole Year,Pomegranate
27.64,62.05,98.94,9.48,6.86,77.18,19.62,31.73,43.92,24.35,21.71,Kharif,Maize
30.54,76.2,150.83,9.49,7.07,77.53,25.0,23.59,47.92,28.49,22.16,Whole Year,Papaya
30.37,53.16,43.29,11.96,6.68,75.9,9.22,20.39,62.95,16.66,17.46,Whole Year,Water Melon
27.9,52.75,85.93,10.12,7.08,79.45,25.0,26.57,43.36,30.07,22.09,Whole Year,Pomegranate
29.37,58.49,82.22,12.07,7.06,75.85,25.0,26.24,41.18,32.58,22.77,Whole Year,Pomegranate
30.17,50.75,61.96,12.45,6.33,65.21,6.22,20.02,58.43,21.55,15.87,Whole Year,Karbuja(Musk Melon)
28.18,64.92,120.06,7.35,6.61,76.57,23.47,29.6,42.31,28.09,19.03,Whole Year,Mango
21.9,66.23,100.18,6.05,6.65,65.61,19.48,30.2,42.57,27.23,20.8,Whole Year,Orange
21.29,65.18,74.05,9.19,5.8,46.92,9.92,26.45,47.24,26.31,15.66,Rabi,Beans
28.94,71.5,233.33,10.65,6.72,85.82,22.5,26.13,38.44,35.43,24.11,Whole Year,Banana
27.05,63.56,116.14,10.83,6.99,67.86,20.58,33.36,41.5,25.14,21.83,Kharif,Maize
26.55,53.34,59.58,8.79,6.97,55.18,16.01,25.55,51.06,23.39,18.07,Whole Year,Grapes
28.81,78.58,188.15,7.68,6.54,86.55,25.0,33.03,31.06,35.91,23.89,Whole Year,Banana
28.12,69.15,162.1,9.68,6.27,76.78,22.02,26.78,46.45,26.77,16.66,Whole Year,Papaya
30.86,75.93,167.69,10.24,6.67,76.49,21.82,33.09,36.06,30.85,22.06,Kharif,Rice
26.22,61.93,78.74,8.35,6.77,38.55,12.3,32.27,40.3,27.43,16.42,Kharif,Black Gram Dal(Urd Dal)
27.85,60.58,84.53,10.56,7.32,73.63,25.0,34.87,41.07,24.06,29.13,Whole Year,Pomegranate
24.43,62.6,151.82,8.14,7.13,63.07,16.15,41.8,26.16,32.04,33.08,Kharif,Cotton
29.59,56.56,96.99,9.14,7.09,81.97,25.0,29.41,40.08,30.51,19.16,Whole Year,Pomegranate
24.87,73.23,183.08,9.04,6.73,81.35,23.6,31.63,36.86,31.51,22.81,Kharif,Rice
28.7,59.5,150.51,10.03,7.18,59.83,14.87,39.62,25.91,34.47,31.98,Kharif,Cotton
33.89,48.95,52.17,9.79,6.46,71.13,16.37,20.27,59.79,19.94,12.93,Whole Year,Water Melon
27.39,62.79,144.07,9.67,7.35,70.31,15.53,38.97,28.61,32.42,30.89,Kharif,Cotton
29.04,76.65,163.72,8.07,6.65,73.63,24.88,34.26,32.84,32.9,23.54,Whole Year,Banana
25.57,53.79,73.12,9.83,6.74,60.36,15.83,22.84,53.04,24.12,15.44,Whole Year,Grapes
28.83,66.16,72.87,9.29,6.9,31.39,8.23,30.94,43.29,25.77,18.03,Kharif,Black Gram Dal(Urd Dal)
23.36,54.8,131.0,7.58,6.67,88.13,23.77,34.8,40.87,24.33,23.41,Kharif,Maize
33.83,49.98,43.64,10.11,6.38,78.29,8.78,16.99,63.07,19.94,8.59,Whole Year,Karbuja(Musk Melon)
27.46,67.58,50.65,8.4,6.85,33.92,15.91,30.59,42.08,27.33,17.71,Kharif,Black Gram Dal(Urd Dal)
28.87,59.95,81.75,10.05,7.47,87.49,25.0,32.51,42.7,24.79,21.29,Whole Year,Pomegranate
26.97,78.72,148.62,11.14,6.54,73.82,25.0,27.68,36.9,35.42,21.77,Kharif,Rice
27.93,65.7,73.17,8.77,6.71,27.55,10.96,25.32,45.84,28.84,18.11,Kharif,Black Gram Dal(Urd Dal)
29.94,59.48,108.77,6.27,6.96,64.01,25.0,31.17,41.46,27.37,25.59,Whole Year,Pomegranate
24.82,65.97,124.66,7.23,6.92,77.18,17.2,26.86,44.98,28.16,21.02,Whole Year,Orange
30.12,76.73,186.56,9.13,6.12,81.21,25.0,30.59,32.84,36.57,23.46,Kharif,Rice
31.51,58.91,117.6,9.03,6.48,69.27,16.06,28.66,46.45,24.89,17.87,Whole Year,Mango
25.14,55.95,57.08,10.44,6.77,61.56,11.89,26.92,49.39,23.69,18.14,Whole Year,Grapes
30.32,76.04,195.5,8.94,6.45,71.74,22.73,29.16,32.36,38.48,23.49,Kharif,Rice
27.35,60.1,130.25,9.14,6.84,71.97,7.97,36.15,37.99,25.86,18.06,Kharif,Maize
29.42,60.29,82.59,11.14,7.12,72.42,20.7,31.79,41.82,26.39,21.41,Whole Year,Pomegranate
26.42,73.08,157.25,6.96,6.33,79.94,21.77,28.63,34.88,36.49,25.02,Kharif,Rice
24.87,59.28,50.29,13.23,6.84,64.47,14.44,27.56,47.66,24.78,17.28,Whole Year,Grapes
27.54,44.94,45.2,9.71,6.82,56.84,7.53,15.58,66.03,18.39,16.57,Whole Year,Karbuja(Musk Melon)
26.28,84.49,160.21,9.1,6.47,85.95,16.03,30.41,36.41,33.18,21.35,Kharif,Rice
27.74,58.46,114.21,10.32,6.3,70.06,17.93,33.89,41.0,25.11,21.98,Kharif,Maize
27.97,54.49,70.12,8.55,6.61,48.67,13.5,21.11,52.17,26.72,18.33,Whole Year,Grapes
26.99,55.58,124.3,8.9,6.57,87.15,19.83,40.99,34.95,24.06,20.33,Kharif,Maize
28.94,44.05,69.03,12.67,6.8,73.79,13.15,17.46,64.73,17.81,13.84,Whole Year,Water Melon
25.9,59.69,112.79,8.79,6.83,74.7,20.02,34.68,37.61,27.71,23.68,Kharif,Maize
25.43,76.26,160.53,8.02,6.92,82.3,24.18,34.63,33.14,32.23,27.5,Kharif,Rice
32.86,57.78,95.62,10.73,6.65,72.69,17.73,27.49,45.68,26.83,16.77,Whole Year,Mango
26.42,60.1,156.35,8.42,6.71,58.23,12.15,39.05,28.34,32.61,36.77,Kharif,Cotton
26.5,63.2,130.67,10.74,6.86,77.28,25.0,38.19,35.97,25.84,19.74,Kharif,Maize
30.51,58.7,128.99,7.81,6.72,73.05,22.5,30.61,44.36,25.03,21.85,Whole Year,Mango
23.99,52.01,61.45,11.98,6.75,69.43,17.04,23.69,52.54,23.77,21.02,Whole Year,Grapes
29.16,53.87,114.49,7.73,6.44,77.39,24.08,32.76,44.12,23.12,18.01,Whole Year,Mango
25.17,53.57,82.26,11.13,6.96,58.05,17.3,26.88,47.66,25.46,17.27,Whole Year,Grapes
26.17,67.32,75.79,7.95,6.79,37.94,10.72,34.43,42.35,23.22,16.8,Kharif,Black Gram Dal(Urd Dal)
26.06,57.86,67.67,10.52,6.99,64.83,14.77,29.01,45.63,25.36,16.73,Whole Year,Grapes
27.89,52.23,70.44,9.57,6.7,54.46,16.14,24.55,50.35,25.1,19.3,Whole Year,Grapes
24.89,51.01,132.27,9.12,6.72,53.68,16.29,38.46,30.03,31.51,29.61,Kharif,Cotton
31.44,62.91,118.76,10.18,6.6,74.19,22.76,32.78,46.22,21.0,17.75,Whole Year,Mango
27.46,57.33,82.36,11.23,7.21,74.91,21.25,31.64,42.96,25.4,21.51,Whole Year,Pomegranate
27.98,75.12,183.51,7.41,6.72,88.9,25.0,23.76,38.35,37.89,20.8,Whole Year,Banana
30.02,45.34,47.77,12.7,6.87,86.55,16.48,20.23,58.72,21.05,12.21,Whole Year,Karbuja(Musk Melon)
25.1,62.32,96.67,10.25,6.67,96.59,14.36,39.34,40.8,19.86,21.31,Kharif,Maize
21.22,59.1,78.21,7.42,6.47,39.0,14.57,27.81,43.7,28.49,14.05,Rabi,Beans
30.03,72.73,165.06,7.48,6.63,87.11,23.72,28.8,37.85,33.35,22.95,Kharif,Rice
21.58,58.72,104.58,7.7,6.57,32.55,17.05,25.34,45.05,29.61,16.73,Rabi,Beans
24.84,71.2,155.43,9.13,6.63,80.62,21.4,30.66,32.3,37.04,20.94,Kharif,Rice
29.5,61.02,135.53,7.42,6.96,53.87,16.39,40.34,31.19,28.47,35.99,Kharif,Cotton
27.15,50.15,77.1,8.77,7.04,73.08,25.0,32.19,39.13,28.68,24.81,Whole Year,Pomegranate
20.08,57.75,110.34,4.57,6.09,37.35,8.53,27.49,45.0,27.51,20.34,Rabi,Beans
29.52,58.23,159.27,8.24,7.26,64.67,10.91,38.51,30.81,30.68,33.26,Kharif,Cotton
22.37,60.96,78.54,9.22,7.27,58.69,15.04,27.14,50.41,22.45,16.86,Whole Year,Grapes
29.75,59.67,56.98,9.07,6.96,34.02,17.23,23.87,47.26,28.87,16.67,Kharif,Black Gram Dal(Urd Dal)
29.23,58.21,84.79,9.2,6.27,81.17,24.96,27.4,45.15,27.45,19.71,Whole Year,Mango
31.77,51.99,46.65,10.86,6.55,66.15,13.59,18.31,62.62,19.07,10.83,Whole Year,Karbuja(Musk Melon)
26.58,64.98,105.1,8.24,7.29,66.39,8.39,36.06,38.68,25.26,20.21,Kharif,Maize
32.37,58.83,43.98,10.59,6.46,71.08,12.61,19.34,61.44,19.22,14.41,Whole Year,Water Melon
29.24,54.26,112.15,7.24,6.61,76.48,17.2,26.49,44.45,29.06,24.01,Whole Year,Mango
26.97,61.89,163.46,10.3,7.08,67.48,16.99,39.21,30.07,30.72,34.7,Kharif,Cotton
29.66,51.53,48.43,10.81,6.83,65.71,16.89,18.87,62.82,18.31,10.58,Whole Year,Water Melon
25.45,47.0,86.38,10.68,6.81,45.87,22.52,20.74,54.27,24.99,18.1,Whole Year,Grapes
33.49,56.05,51.59,12.3,6.66,87.34,10.6,18.43,61.83,19.74,16.87,Whole Year,Water Melon
22.06,60.87,69.9,9.53,6.32,62.43,17.42,25.15,53.67,21.18,16.29,Whole Year,Grapes
28.49,79.67,168.81,7.93,6.88,88.87,25.0,31.21,33.57,35.22,24.58,Whole Year,Banana
28.13,68.42,152.29,8.98,6.63,72.86,18.46,27.18,46.93,25.89,20.42,Whole Year,Papaya
28.26,62.61,84.64,8.93,7.17,72.27,25.0,30.93,37.43,31.64,22.11,Whole Year,Pomegranate
35.17,57.32,61.39,12.5,6.67,75.77,14.15,18.42,61.37,20.21,12.81,Whole Year,Water Melon
30.26,58.37,157.31,8.61,6.75,73.72,14.1,37.65,29.53,32.82,38.24,Kharif,Cotton
26.62,60.13,70.17,8.34,6.83,37.47,9.53,33.28,39.28,27.44,14.35,Kharif,Black Gram Dal(Urd Dal)
21.46,62.96,90.55,6.36,6.05,45.51,14.36,26.66,47.53,25.81,20.85,Rabi,Beans
24.61,60.96,107.2,10.21,6.51,72.48,11.72,27.73,49.38,22.89,19.17,Whole Year,Orange
27.59,63.67,150.14,8.66,6.9,61.11,12.38,39.08,27.47,33.45,34.26,Kharif,Cotton
27.41,58.68,83.38,9.41,6.69,39.6,9.33,29.2,42.48,28.32,18.8,Kharif,Black Gram Dal(Urd Dal)
29.21,74.34,186.01,9.65,6.53,84.46,25.0,32.97,34.06,32.97,23.48,Whole Year,Banana
25.99,81.07,173.39,9.52,6.43,81.8,25.0,29.23,33.2,37.57,21.81,Kharif,Rice
27.93,77.2,179.42,8.96,6.86,79.28,25.0,28.66,34.38,36.96,26.25,Whole Year,Banana
21.6,57.76,103.85,6.44,6.43,39.47,9.61,25.62,48.13,26.25,15.97,Rabi,Beans
25.43,65.81,121.53,8.0,7.21,62.81,9.79,39.72,31.18,29.1,30.58,Kharif,Cotton
27.96,57.29,66.23,10.53,7.01,72.54,25.0,29.23,43.29,27.48,27.42,Whole Year,Pomegranate
24.13,52.85,65.5,13.16,6.81,49.01,15.87,24.43,50.23,25.34,16.32,Whole Year,Grapes
26.63,77.09,176.19,8.94,6.84,104.04,25.0,30.31,35.6,34.09,25.1,Whole Year,Banana
31.73,58.03,127.17,10.67,6.91,89.06,22.43,24.95,48.46,26.59,18.91,Whole Year,Mango
31.93,79.25,161.39,10.1,6.92,85.97,25.0,23.77,38.14,38.09,20.49,Kharif,Rice
25.65,55.94,154.44,7.76,6.98,55.08,14.47,39.46,28.26,32.28,33.77,Kharif,Cotton
19.16,54.67,93.48,5.58,6.01,36.86,13.61,26.41,43.5,30.09,15.79,Rabi,Beans
28.37,65.44,133.36,10.31,6.66,88.49,25.0,26.57,48.22,25.21,18.8,Whole Year,Papaya
20.8,54.04,84.8,6.43,5.99,42.86,18.57,25.26,45.63,29.11,18.28,Rabi,Beans
27.94,79.82,151.99,9.92,6.89,98.6,21.13,27.9,34.59,37.51,21.08,Kharif,Rice
25.84,57.57,153.6,9.39,7.24,65.03,12.05,39.07,25.94,34.99,30.75,Kharif,Cotton
30.12,54.16,69.35,8.74,7.3,71.19,24.33,30.59,38.91,30.5,21.73,Whole Year,Pomegranate
33.87,47.94,46.24,8.01,6.68,60.55,16.44,20.53,57.71,21.76,12.76,Whole Year,Karbuja(Musk Melon)
28.4,68.63,137.38,8.6,6.71,68.29,18.04,27.39,44.21,28.4,19.67,Whole Year,Papaya
30.8,76.36,189.43,8.11,6.57,75.45,25.0,25.15,38.91,35.94,27.99,Whole Year,Banana
26.89,66.08,60.43,9.62,7.07,35.15,17.05,32.53,40.08,27.39,17.86,Kharif,Black Gram Dal(Urd Dal)
24.8,60.78,109.18,9.11,6.74,70.28,16.02,26.86,47.75,25.39,17.71,Whole Year,Orange
28.29,59.08,90.72,10.37,6.32,71.07,25.0,32.52,42.14,25.34,26.28,Whole Year,Mango
23.08,57.87,66.71,9.51,6.48,32.34,15.62,28.03,43.93,28.04,16.61,Kharif,Black Gram Dal(Urd Dal)
29.92,51.42,119.82,5.39,6.69,72.85,21.09,30.63,46.44,22.93,16.69,Whole Year,Mango
29.98,74.03,150.91,10.27,6.44,86.94,25.0,27.77,46.18,26.05,16.95,Whole Year,Papaya
22.05,68.3,94.71,11.15,6.44,78.86,18.52,27.23,46.03,26.74,16.13,Whole Year,Orange
28.69,62.49,65.53,7.57,6.49,31.43,11.06,33.11,42.97,23.92,18.02,Kharif,Black Gram Dal(Urd Dal)
25.95,54.15,59.48,7.02,6.54,60.78,15.01,29.56,44.69,25.75,15.43,Whole Year,Grapes
30.61,50.34,42.26,9.38,6.78,69.38,12.29,19.91,57.13,22.96,17.83,Whole Year,Karbuja(Musk Melon)
32.74,52.59,47.01,11.76,6.7,78.64,10.77,20.68,58.78,20.54,10.03,Whole Year,Karbuja(Musk Melon)
24.42,46.61,65.91,10.86,6.63,59.83,14.19,25.19,52.31,22.5,16.53,Whole Year,Grapes
27.35,72.12,137.26,7.14,6.73,81.43,21.92,30.48,47.47,22.05,22.23,Whole Year,Papaya
29.55,73.48,202.43,7.82,6.74,86.28,25.0,32.07,34.88,33.05,24.92,Whole Year,Banana
29.5,74.68,144.29,7.73,6.87,79.62,25.0,28.76,47.59,23.65,20.47,Whole Year,Papaya
25.09,62.71,107.73,7.9,6.12,71.62,15.53,26.82,46.35,26.83,18.06,Whole Year,Orange
26.17,63.86,113.07,9.77,6.01,79.46,17.42,28.96,45.28,25.76,17.6,Whole Year,Orange
31.96,44.45,46.3,8.78,6.78,65.24,11.14,21.1,58.93,19.97,15.73,Whole Year,Karbuja(Musk Melon)
21.65,58.83,89.32,7.73,6.4,28.87,15.44,27.11,42.33,30.56,15.9,Rabi,Beans
24.17,51.65,65.59,8.01,6.63,58.62,12.81,25.84,48.0,26.16,19.25,Whole Year,Grapes
30.55,46.48,65.26,10.3,7.42,83.7,13.67,18.36,60.17,21.47,14.28,Whole Year,Water Melon
25.39,63.85,118.15,9.06,6.82,69.0,14.07,36.45,38.47,25.08,20.52,Kharif,Maize
27.67,59.47,80.26,9.86,6.89,36.35,9.36,32.7,41.82,25.48,16.59,Kharif,Black Gram Dal(Urd Dal)
28.5,60.46,133.02,9.66,6.51,68.32,19.77,28.31,48.73,22.96,22.59,Whole Year,Mango
25.7,63.87,161.36,8.36,7.27,56.37,12.75,40.96,28.93,30.11,29.59,Kharif,Cotton
22.33,56.04,99.56,4.75,6.11,44.27,13.9,27.82,41.48,30.7,17.13,Rabi,Beans
29.02,58.25,69.16,11.13,6.6,66.28,12.08,17.66,63.64,18.7,13.08,Whole Year,Water Melon
23.69,72.87,91.11,7.49,7.27,71.12,16.55,30.69,44.13,25.18,14.18,Whole Year,Orange
20.85,54.31,57.78,10.61,6.94,52.61,14.91,22.48,52.32,25.2,13.51,Whole Year,Grapes
27.26,79.96,186.73,6.3,6.72,100.99,25.0,27.92,39.74,32.34,27.02,Whole Year,Banana
30.07,42.61,58.27,11.74,6.57,69.83,15.8,15.32,65.03,19.65,14.49,Whole Year,Karbuja(Musk Melon)
29.2,54.81,107.16,9.95,6.5,48.32,19.68,25.52,50.09,24.39,20.3,Whole Year,Mango
21.49,47.38,61.32,10.16,6.72,54.26,10.1,27.42,49.77,22.81,19.08,Whole Year,Grapes
24.95,61.39,138.58,4.99,6.86,65.06,15.47,25.13,45.51,29.36,17.46,Whole Year,Orange
31.2,52.77,50.56,11.77,6.81,70.02,14.78,18.3,60.89,20.81,17.02,Whole Year,Water Melon
24.96,76.33,176.01,9.84,6.81,85.39,25.0,29.92,37.69,32.39,19.9,Kharif,Rice
28.37,73.9,209.06,10.42,6.59,69.44,21.58,27.78,35.49,36.73,26.43,Kharif,Rice
29.82,58.35,103.37,8.17,6.68,36.56,12.63,33.54,39.44,27.02,15.18,Kharif,Black Gram Dal(Urd Dal)
24.2,60.2,117.24,7.26,6.55,75.13,20.67,30.06,44.18,25.76,21.26,Whole Year,Orange
30.49,73.71,140.87,8.45,6.91,84.89,21.49,19.77,52.61,27.62,16.91,Whole Year,Papaya
28.76,57.16,151.22,10.49,7.27,66.24,14.66,36.86,30.09,33.05,35.35,Kharif,Cotton
25.35,71.9,178.21,8.68,6.96,68.08,20.32,29.26,36.71,34.03,22.74,Kharif,Rice
28.49,70.75,62.58,6.64,6.92,31.75,11.46,31.98,42.96,25.06,15.83,Kharif,Black Gram Dal(Urd Dal)
29.92,62.78,122.18,11.28,6.41,71.59,23.94,30.96,43.43,25.61,17.21,Whole Year,Mango
26.17,59.89,82.73,10.0,7.06,35.97,14.53,34.47,40.53,25.0,12.36,Kharif,Black Gram Dal(Urd Dal)
20.84,58.4,91.65,8.48,6.39,31.89,15.59,25.37,42.1,32.53,14.43,Rabi,Beans
26.06,78.44,183.44,7.39,6.86,80.88,20.98,27.76,36.7,35.54,25.81,Kharif,Rice
21.83,60.44,85.53,9.74,5.77,41.44,4.09,23.88,44.21,31.91,13.85,Rabi,Beans
28.27,65.64,101.75,7.97,7.04,66.99,12.47,36.88,41.55,21.57,19.64,Kharif,Maize
30.47,56.46,89.62,8.13,6.34,74.66,20.81,29.66,42.95,27.39,20.22,Whole Year,Mango
28.64,62.45,82.34,9.78,6.81,73.21,25.0,33.91,40.54,25.55,18.66,Whole Year,Pomegranate
28.36,62.79,94.12,10.34,7.11,69.95,25.0,28.53,47.08,24.39,22.68,Whole Year,Pomegranate
19.19,61.17,79.45,9.24,6.75,67.74,20.32,29.42,43.66,26.92,17.38,Whole Year,Orange
27.46,60.79,168.44,9.68,6.89,65.13,13.53,41.17,27.6,31.23,33.57,Kharif,Cotton
28.4,59.8,121.77,11.98,7.26,72.84,14.39,38.23,30.68,31.09,33.34,Kharif,Cotton
26.32,59.57,60.44,8.95,6.83,59.55,12.63,24.36,49.39,26.25,15.1,Whole Year,Grapes
30.1,55.66,55.86,9.34,6.75,78.16,16.18,19.44,58.93,21.63,12.93,Whole Year,Karbuja(Musk Melon)
27.3,78.62,174.14,11.04,6.33,84.18,25.0,31.82,37.13,31.05,25.63,Whole Year,Banana
20.91,64.02,112.71,8.7,6.21,37.49,17.75,26.46,47.98,25.56,19.17,Rabi,Beans
32.49,52.01,49.69,12.01,6.67,63.96,14.79,21.49,57.86,20.65,12.25,Whole Year,Karbuja(Musk Melon)
32.13,46.42,60.42,12.97,6.52,70.14,14.32,20.84,61.9,17.26,15.7,Whole Year,Water Melon
31.3,66.18,164.85,8.31,6.55,89.96,25.0,27.82,46.76,25.42,22.17,Whole Year,Papaya
23.92,56.2,78.4,5.29,6.3,40.45,18.25,25.97,47.61,26.42,16.12,Rabi,Beans
30.8,54.7,58.6,13.14,6.68,88.31,8.21,17.55,62.73,19.72,17.58,Whole Year,Water Melon
27.96,78.19,175.73,6.38,6.73,77.01,25.0,30.39,35.94,33.67,22.18,Kharif,Rice
27.1,62.88,99.65,6.71,6.67,82.33,18.92,26.59,46.56,26.85,15.52,Whole Year,Orange
28.1,77.78,166.7,9.8,6.49,86.35,21.18,32.31,31.44,36.25,23.66,Kharif,Rice
27.66,76.8,183.65,7.83,6.5,69.55,25.0,28.19,38.04,33.77,24.54,Kharif,Rice
31.03,75.33,168.82,9.08,6.48,77.43,21.05,29.65,45.82,24.53,13.51,Whole Year,Papaya
25.17,56.61,167.15,8.12,6.77,62.85,12.02,41.48,26.93,31.59,34.38,Kharif,Cotton
26.93,81.95,176.47,7.61,6.79,85.36,25.0,30.68,38.13,31.19,22.19,Whole Year,Banana
21.51,63.77,91.13,4.21,6.62,40.57,11.29,24.19,47.88,27.93,17.65,Rabi,Beans
21.7,52.27,92.05,5.18,6.22,48.58,12.06,27.26,42.45,30.29,16.21,Rabi,Beans
27.99,57.91,62.72,8.5,6.71,58.72,13.58,25.24,51.95,22.81,15.69,Whole Year,Grapes
25.19,56.63,56.66,10.22,6.7,52.73,17.86,24.26,49.17,26.57,17.37,Whole Year,Grapes
28.21,68.7,146.49,9.41,6.89,65.43,20.56,23.89,48.71,27.4,16.47,Whole Year,Papaya
29.22,70.17,147.22,7.53,6.78,76.34,21.44,26.31,48.36,25.33,21.5,Whole Year,Papaya
28.98,62.17,79.4,11.65,7.5,63.42,25.0,33.03,39.02,27.95,23.04,Whole Year,Pomegranate
28.56,71.98,163.55,9.76,6.84,95.07,24.26,27.26,31.47,41.27,23.06,Kharif,Rice
30.11,48.97,64.83,12.68,6.46,78.52,18.03,19.48,59.84,20.68,14.12,Whole Year,Water Melon
25.43,56.31,79.13,10.46,7.05,53.82,16.69,26.88,48.09,25.03,16.41,Whole Year,Grapes
25.97,59.78,55.75,9.77,6.89,42.64,14.21,23.81,53.8,22.39,18.18,Whole Year,Grapes
23.23,52.42,75.93,11.15,7.2,59.07,9.82,24.97,51.45,23.58,20.1,Whole Year,Grapes
32.54,71.35,127.89,9.73,6.81,87.84,25.0,25.75,49.29,24.96,20.36,Whole Year,Papaya
26.17,54.18,122.89,7.82,6.47,83.49,11.01,34.03,39.43,26.54,18.8,Kharif,Maize
21.72,58.75,97.61,5.08,6.29,39.36,13.47,26.44,45.05,28.51,18.16,Rabi,Beans
25.58,55.12,67.94,8.05,7.01,60.34,14.15,26.69,48.36,24.95,18.37,Whole Year,Grapes
26.04,75.69,141.86,8.76,6.85,79.47,16.33,20.98,50.72,28.3,22.66,Whole Year,Papaya
27.87,64.8,139.61,9.5,7.03,75.63,14.67,38.32,34.41,27.27,35.7,Kharif,Cotton
28.38,46.29,44.07,10.31,6.45,63.92,12.91,21.98,58.5,19.52,12.85,Whole Year,Karbuja(Musk Melon)
22.49,69.92,111.49,6.49,5.77,42.57,12.76,27.07,45.83,27.1,14.95,Rabi,Beans
27.66,75.72,116.77,7.9,6.85,84.95,25.0,27.72,43.46,28.82,18.54,Whole Year,Papaya
24.33,49.28,72.37,10.44,6.24,56.33,20.8,21.8,50.36,27.84,16.54,Whole Year,Grapes
24.55,52.31,55.15,8.36,7.02,51.94,13.19,22.84,49.71,27.45,15.28,Whole Year,Grapes
31.55,56.97,102.1,5.41,6.59,57.4,21.43,28.42,47.71,23.87,18.86,Whole Year,Mango
32.31,48.61,28.27,10.74,6.73,67.97,11.11,20.07,60.69,19.24,13.26,Whole Year,Karbuja(Musk Melon)
30.34,78.06,158.99,8.34,6.64,89.16,21.19,25.52,36.5,37.98,23.0,Kharif,Rice
31.31,53.89,71.64,9.91,6.78,70.02,25.0,26.99,43.45,29.56,20.27,Whole Year,Pomegranate
29.15,60.43,144.54,6.27,6.81,68.21,20.36,32.59,38.35,29.06,21.26,Kharif,Maize
26.27,62.18,66.7,7.42,6.62,36.65,10.56,34.86,35.48,29.66,20.57,Kharif,Black Gram Dal(Urd Dal)
22.47,58.64,107.6,8.58,6.89,80.32,24.44,32.09,41.62,26.29,19.58,Whole Year,Orange
25.75,60.39,124.57,7.6,6.63,79.8,18.28,27.74,44.07,28.19,14.32,Whole Year,Orange
27.81,80.72,190.56,7.88,6.4,69.26,22.54,23.16,37.67,39.17,23.47,Kharif,Rice
20.61,56.78,75.15,11.45,7.09,59.2,14.32,28.85,49.01,22.14,12.77,Whole Year,Grapes
30.42,54.51,36.97,12.19,6.68,82.17,13.07,18.78,59.76,21.46,12.92,Whole Year,Water Melon
27.68,66.9,61.01,8.94,7.01,32.43,13.35,32.3,41.94,25.76,18.35,Kharif,Black Gram Dal(Urd Dal)
28.25,58.88,161.23,5.87,7.31,72.06,15.63,36.33,31.4,32.27,30.36,Kharif,Cotton
27.24,55.38,111.59,8.77,6.64,66.61,19.98,29.66,47.39,22.95,19.3,Whole Year,Mango
27.2,66.02,132.25,10.01,6.42,58.76,13.6,33.11,40.75,26.14,23.15,Kharif,Maize
31.55,52.3,50.5,11.59,6.65,77.75,12.03,20.13,58.83,21.04,14.68,Whole Year,Karbuja(Musk Melon)
27.07,66.93,152.3,8.1,6.64,68.85,25.0,28.12,44.54,27.34,18.9,Whole Year,Papaya
28.43,58.02,110.16,10.39,6.75,74.25,18.43,33.25,41.29,25.46,20.95,Kharif,Maize
27.37,56.29,170.28,8.32,7.09,52.73,17.72,36.33,32.11,31.56,30.12,Kharif,Cotton
29.72,59.06,142.05,9.41,7.02,62.79,15.81,37.37,32.06,30.57,33.56,Kharif,Cotton
30.01,53.18,89.22,5.8,6.71,65.74,25.0,31.59,45.87,22.54,19.97,Whole Year,Mango
22.27,64.66,87.39,9.98,6.83,75.29,21.04,28.64,46.37,24.99,19.83,Whole Year,Orange
30.04,73.46,149.19,7.49,6.79,87.96,22.22,31.1,43.85,25.05,18.69,Whole Year,Papaya
28.91,75.3,178.89,5.64,7.08,75.03,19.96,25.49,36.72,37.79,23.97,Whole Year,Banana
29.17,48.89,69.24,11.67,6.52,74.71,13.21,20.1,57.89,22.01,9.83,Whole Year,Karbuja(Musk Melon)
27.28,57.08,119.27,8.56,7.0,60.06,17.58,33.72,39.48,26.8,24.32,Kharif,Maize
29.11,65.99,91.69,11.76,6.85,61.51,25.0,29.96,43.51,26.53,26.92,Whole Year,Pomegranate
26.35,52.62,113.07,9.45,6.52,68.17,22.42,32.63,43.59,23.78,18.56,Whole Year,Mango
27.17,79.87,178.6,8.31,6.36,89.94,25.0,30.89,31.99,37.12,23.03,Whole Year,Banana
26.79,66.81,77.27,10.16,6.81,33.73,13.25,31.75,40.29,27.96,18.28,Kharif,Black Gram Dal(Urd Dal)
22.79,61.9,117.63,6.87,6.96,69.81,18.01,28.15,45.85,26.0,19.08,Whole Year,Orange
27.65,65.98,135.9,13.58,6.57,82.39,16.67,38.3,39.92,21.78,23.78,Kharif,Maize
28.39,69.83,123.35,7.94,6.71,91.53,15.81,29.28,42.68,28.04,14.85,Whole Year,Papaya
24.49,53.69,73.19,9.51,6.7,61.73,18.07,20.52,55.29,24.19,16.72,Whole Year,Grapes
23.26,54.63,51.34,9.79,6.77,57.74,16.39,22.27,52.21,25.52,19.2,Whole Year,Grapes
24.88,61.42,140.68,7.25,7.44,68.65,19.81,36.96,38.3,24.74,19.48,Kharif,Maize
30.75,62.6,64.35,6.52,6.57,41.66,12.72,30.08,43.92,26.0,19.55,Kharif,Black Gram Dal(Urd Dal)
30.16,66.32,74.31,8.26,6.81,34.7,12.95,28.5,43.0,28.5,15.61,Kharif,Black Gram Dal(Urd Dal)
26.88,78.99,154.02,8.44,6.61,98.71,23.3,25.78,35.84,38.38,20.83,Kharif,Rice
29.24,59.26,100.6,9.38,6.51,74.43,12.53,28.66,44.56,26.78,18.19,Whole Year,Mango
25.59,57.44,77.13,11.96,6.83,49.06,18.04,23.99,47.61,28.4,18.16,Whole Year,Grapes
19.27,54.72,80.41,9.27,6.29,39.79,13.41,26.19,45.35,28.46,18.1,Rabi,Beans
25.29,52.92,78.67,10.02,6.83,63.48,17.2,29.49,48.17,22.34,14.76,Whole Year,Grapes
23.56,64.33,86.62,5.8,6.32,37.08,19.76,24.99,42.33,32.68,20.91,Rabi,Beans
30.82,52.85,94.45,9.77,7.26,73.05,25.0,30.7,41.34,27.96,25.83,Whole Year,Pomegranate
23.65,51.1,95.15,5.75,6.2,35.87,14.01,25.23,48.57,26.2,16.7,Rabi,Beans
24.2,51.98,82.02,9.34,7.09,52.65,15.37,23.78,51.93,24.29,15.58,Whole Year,Grapes
27.58,47.44,80.53,12.96,6.94,76.38,25.0,35.54,39.08,25.38,23.16,Whole Year,Pomegranate
27.43,69.97,124.71,10.09,6.66,59.38,13.8,28.59,46.05,25.36,15.16,Whole Year,Orange
30.18,63.42,137.3,7.71,7.13,74.32,14.73,37.38,29.27,33.35,33.72,Kharif,Cotton
22.49,64.6,110.62,10.06,6.52,62.48,21.01,29.83,42.91,27.26,16.47,Whole Year,Orange
29.01,65.08,83.12,7.23,6.83,34.7,14.71,27.48,44.93,27.59,18.85,Kharif,Black Gram Dal(Urd Dal)
25.1,65.87,89.39,8.05,6.84,66.19,15.92,27.49,46.19,26.32,13.81,Whole Year,Orange
30.41,43.92,62.26,11.73,6.39,74.81,13.95,18.5,60.1,21.4,9.02,Whole Year,Water Melon
27.95,57.35,78.42,10.12,7.32,69.46,25.0,30.14,41.39,28.47,21.75,Whole Year,Pomegranate
29.71,71.78,151.77,7.67,6.8,79.89,25.0,28.37,42.1,29.53,21.86,Whole Year,Papaya
25.96,47.15,81.89,10.43,6.86,71.05,18.76,28.37,43.57,28.06,18.98,Whole Year,Mango
25.21,60.13,135.43,8.89,6.98,73.8,17.72,31.91,39.7,28.39,23.98,Kharif,Maize
22.35,59.79,99.01,10.23,6.37,44.61,15.62,26.09,44.01,29.9,16.56,Rabi,Beans
30.09,71.62,158.78,8.49,6.61,71.76,25.0,26.55,45.6,27.85,16.64,Whole Year,Papaya
26.06,51.3,52.09,9.46,6.94,56.84,16.86,28.28,52.64,19.08,15.02,Whole Year,Grapes
22.19,58.71,88.46,9.33,6.2,41.06,15.34,30.11,45.39,24.5,17.93,Rabi,Beans
25.1,75.19,161.55,9.72,6.66,83.41,19.54,30.26,34.53,35.21,27.22,Whole Year,Banana
27.41,57.74,102.96,9.28,6.99,65.52,25.0,31.33,39.9,28.77,19.67,Whole Year,Pomegranate
28.48,76.53,172.52,8.01,6.68,78.63,21.0,30.96,36.83,32.21,23.75,Whole Year,Banana
24.98,65.5,91.7,9.11,6.64,61.04,16.58,28.11,41.17,30.72,17.61,Whole Year,Orange
26.46,50.93,52.68,9.4,6.68,50.55,16.28,25.81,49.07,25.12,14.07,Whole Year,Grapes
27.59,82.2,168.4,11.01,6.71,87.51,20.85,30.17,33.62,36.21,21.08,Whole Year,Banana
25.55,70.42,67.12,9.79,6.85,35.43,10.91,30.83,40.94,28.23,16.67,Kharif,Black Gram Dal(Urd Dal)
24.46,60.41,90.51,8.6,6.8,68.95,21.71,29.68,44.81,25.51,17.84,Whole Year,Orange
29.39,62.82,140.82,10.8,6.89,58.36,11.25,38.18,34.27,27.55,36.42,Kharif,Cotton
26.85,63.07,130.34,9.5,6.59,70.42,10.99,36.41,36.83,26.76,19.75,Kharif,Maize
28.8,68.25,138.38,8.06,7.12,75.75,21.12,25.2,48.03,26.77,17.85,Whole Year,Papaya
27.02,84.76,152.82,9.39,6.28,74.09,21.58,28.45,35.79,35.76,28.06,Kharif,Rice
24.79,59.22,96.68,13.39,6.63,73.44,16.66,29.52,44.29,26.19,15.91,Whole Year,Orange
22.09,64.85,81.91,9.43,6.61,56.01,15.0,24.16,46.92,28.92,21.31,Whole Year,Orange
28.15,79.89,184.98,6.5,7.0,98.61,25.0,31.57,37.33,31.1,20.6,Whole Year,Banana
27.7,80.36,195.53,8.73,6.89,85.49,23.48,23.41,38.76,37.83,23.46,Kharif,Rice
26.85,76.29,168.4,11.45,6.68,81.47,25.0,26.52,38.96,34.52,21.65,Whole Year,Banana
29.8,53.96,98.46,6.54,6.5,78.49,22.45,33.06,42.25,24.69,21.92,Whole Year,Mango
28.11,79.84,171.71,10.96,6.47,81.5,17.55,25.68,36.65,37.67,23.38,Kharif,Rice
29.98,70.73,143.68,4.73,7.08,76.94,15.01,26.0,45.95,28.05,17.53,Whole Year,Papaya
29.91,59.26,118.36,7.0,6.96,46.81,12.42,39.15,30.39,30.46,35.12,Kharif,Cotton
28.49,57.06,152.23,6.72,6.77,67.04,12.03,37.0,27.98,35.02,33.66,Kharif,Cotton
25.89,64.46,85.57,8.61,6.87,40.92,8.5,31.41,40.43,28.16,17.52,Kharif,Black Gram Dal(Urd Dal)
29.27,62.34,101.48,7.59,6.96,73.22,11.3,34.16,39.46,26.38,15.88,Kharif,Maize
28.35,79.55,186.03,5.95,6.76,89.41,25.0,27.82,36.77,35.41,24.89,Whole Year,Banana
19.29,61.72,133.07,10.37,6.74,72.74,18.42,27.21,45.33,27.46,16.37,Whole Year,Orange
29.87,55.5,68.91,9.89,6.98,76.86,25.0,35.92,38.74,25.34,22.82,Whole Year,Pomegranate
24.08,57.11,94.02,8.24,6.44,38.14,15.11,28.06,45.59,26.35,19.98,Rabi,Beans
27.71,81.51,141.98,9.01,6.67,83.5,24.82,32.09,45.31,22.6,19.94,Whole Year,Papaya
30.19,55.45,47.75,8.11,6.89,81.78,6.76,19.03,62.77,18.2,16.34,Whole Year,Karbuja(Musk Melon)
35.5,51.87,48.18,11.33,6.98,86.04,15.88,18.87,63.24,17.89,10.76,Whole Year,Water Melon
30.8,45.04,58.84,12.87,6.52,73.51,11.78,18.36,62.63,19.01,14.71,Whole Year,Karbuja(Musk Melon)
29.31,70.28,186.36,11.76,6.67,91.29,20.38,29.29,32.49,38.22,22.66,Kharif,Rice
28.44,63.25,166.47,14.89,7.36,55.55,17.87,38.13,31.72,30.15,29.18,Kharif,Cotton
34.53,57.74,96.47,7.77,6.46,73.5,25.0,29.91,45.29,24.8,22.03,Whole Year,Mango
26.55,77.12,200.31,10.57,6.72,79.93,19.59,25.75,37.8,36.45,21.87,Kharif,Rice
30.54,44.06,59.4,11.99,6.81,80.01,13.74,21.6,58.52,19.88,17.2,Whole Year,Karbuja(Musk Melon)
28.41,68.7,157.73,9.56,6.65,90.78,17.09,24.87,48.53,26.6,16.88,Whole Year,Papaya
18.66,60.75,109.42,6.51,6.17,44.57,8.46,28.43,45.11,26.46,18.27,Rabi,Beans
26.88,65.01,65.96,9.04,6.86,37.53,13.13,30.27,40.38,29.35,18.42,Kharif,Black Gram Dal(Urd Dal)
36.37,47.83,46.64,12.71,6.32,64.56,15.82,18.83,63.83,17.34,11.46,Whole Year,Water Melon
21.7,59.01,105.58,7.71,6.17,39.98,14.69,23.66,46.57,29.77,17.04,Rabi,Beans
31.75,62.33,151.88,11.55,6.93,61.51,15.74,39.66,28.71,31.63,36.21,Kharif,Cotton
20.49,54.82,86.28,7.17,6.12,42.19,14.58,25.56,44.35,30.09,21.12,Rabi,Beans
31.05,43.33,37.46,13.46,6.61,73.77,15.79,20.03,62.8,17.17,14.28,Whole Year,Karbuja(Musk Melon)
27.43,65.89,92.92,7.86,6.6,24.04,13.39,34.29,38.65,27.06,17.16,Kharif,Black Gram Dal(Urd Dal)
30.61,49.31,62.03,9.89,6.55,66.38,11.0,15.94,60.75,23.31,14.17,Whole Year,Karbuja(Musk Melon)
25.63,51.51,50.05,6.96,6.95,60.56,18.93,28.54,47.86,23.6,17.47,Whole Year,Grapes
25.47,56.27,126.35,7.97,6.3,72.68,20.63,29.03,43.31,27.66,22.89,Whole Year,Mango
29.94,57.93,69.32,10.46,6.88,62.54,25.0,31.65,42.33,26.02,23.96,Whole Year,Pomegranate
27.76,60.01,133.63,8.65,7.12,49.23,14.25,41.48,28.27,30.25,32.19,Kharif,Cotton
21.04,59.69,115.23,8.38,6.42,39.33,17.05,19.23,48.63,32.14,15.35,Rabi,Beans
23.42,57.36,72.97,8.73,7.07,63.59,25.0,30.94,41.24,27.82,17.7,Whole Year,Pomegranate
29.96,70.93,137.86,6.65,6.61,91.07,24.97,23.88,44.4,31.72,22.89,Whole Year,Papaya
29.42,80.46,213.03,6.49,6.64,73.88,25.0,29.8,35.17,35.03,25.2,Whole Year,Banana
32.19,46.35,67.06,9.66,6.39,82.29,12.43,21.43,59.61,18.96,13.25,Whole Year,Water Melon
30.35,50.21,102.62,8.66,6.66,71.19,16.19,28.02,44.85,27.13,21.39,Whole Year,Mango
27.03,64.29,141.79,7.51,7.2,66.01,11.51,32.65,43.32,24.03,24.22,Kharif,Maize
28.04,48.45,42.49,12.98,6.67,84.32,18.49,15.09,62.52,22.39,16.06,Whole Year,Water Melon
27.42,55.95,97.66,11.37,6.87,61.8,25.0,34.14,39.92,25.94,20.69,Whole Year,Pomegranate
24.49,53.88,88.88,8.3,6.46,69.14,25.0,34.05,43.21,22.74,22.38,Kharif,Maize
22.85,71.36,113.59,6.61,6.55,73.25,15.92,29.56,44.01,26.43,16.62,Whole Year,Orange
26.64,61.47,114.81,8.95,6.48,78.19,22.03,34.14,41.21,24.65,18.3,Kharif,Maize
28.04,60.19,121.17,10.03,6.45,69.17,22.24,34.55,44.86,20.59,17.5,Kharif,Maize
27.65,58.03,144.41,10.15,7.08,69.66,14.99,40.69,27.73,31.58,29.29,Kharif,Cotton
28.96,75.53,146.23,9.97,6.5,66.16,25.0,26.79,45.31,27.9,22.05,Whole Year,Papaya
25.73,56.93,155.98,9.69,6.88,67.26,13.87,42.29,28.62,29.09,35.43,Kharif,Cotton
34.28,54.2,93.15,11.5,6.22,66.33,22.7,32.21,43.26,24.53,20.89,Whole Year,Mango
28.55,62.21,120.99,11.65,6.16,71.24,20.76,27.55,48.86,23.59,23.09,Whole Year,Mango
25.77,57.18,102.53,8.08,7.09,63.6,22.87,33.12,40.05,26.83,26.98,Whole Year,Pomegranate
18.19,64.47,96.66,7.59,5.9,41.2,17.38,23.9,46.83,29.27,16.28,Rabi,Beans
28.55,59.12,125.02,8.04,6.68,76.88,14.73,33.17,39.99,26.84,19.37,Kharif,Maize
31.54,67.96,137.86,7.11,6.69,86.92,21.35,30.02,45.3,24.68,19.26,Whole Year,Papaya
31.66,53.12,153.3,11.08,6.37,76.45,25.0,28.99,43.22,27.79,14.2,Whole Year,Mango
27.8,72.39,128.12,11.14,6.64,75.7,24.26,21.31,52.79,25.9,20.41,Whole Year,Papaya
27.02,71.19,197.4,8.25,6.67,85.42,25.0,27.78,37.16,35.06,25.81,Whole Year,Banana
31.99,70.07,134.0,10.59,6.68,69.61,24.22,28.4,47.21,24.39,20.12,Whole Year,Papaya
28.39,77.43,151.08,10.64,6.79,93.19,24.5,25.35,33.77,40.88,21.31,Kharif,Rice
29.59,53.09,49.32,10.45,6.9,63.28,11.48,21.92,60.12,17.96,13.44,Whole Year,Water Melon
26.37,52.76,66.24,12.18,6.86,60.57,17.21,23.75,50.3,25.95,18.45,Whole Year,Grapes
29.19,62.84,125.61,8.13,6.62,50.01,25.0,31.48,45.63,22.89,20.79,Whole Year,Mango
28.9,71.94,137.41,10.12,6.98,56.58,9.01,40.46,28.91,30.63,32.73,Kharif,Cotton
28.0,67.14,65.42,7.5,7.1,34.44,11.26,30.98,44.17,24.85,17.5,Kharif,Black Gram Dal(Urd Dal)
26.79,54.13,72.38,12.0,6.4,55.47,19.37,24.35,49.42,26.23,17.04,Whole Year,Grapes
30.49,73.51,140.87,7.48,6.53,79.37,19.46,24.97,49.01,26.02,18.91,Whole Year,Papaya
29.09,68.15,125.04,9.51,6.4,73.19,22.3,30.16,46.23,23.61,19.23,Whole Year,Papaya
30.2,77.18,141.95,7.46,6.99,69.63,20.64,24.72,50.77,24.51,22.45,Whole Year,Papaya
28.73,67.48,138.01,9.7,6.52,64.57,14.69,38.31,31.64,30.05,32.38,Kharif,Cotton
27.33,59.8,71.14,12.62,7.01,60.57,24.63,29.0,41.39,29.61,23.89,Whole Year,Pomegranate
23.24,53.09,66.57,9.89,6.88,49.03,13.91,21.2,49.06,29.74,19.34,Whole Year,Grapes
29.29,63.2,74.29,8.79,6.39,31.51,17.79,31.63,44.4,23.97,18.54,Kharif,Black Gram Dal(Urd Dal)
29.95,45.84,55.34,11.4,6.3,52.75,15.29,20.36,63.43,16.21,12.17,Whole Year,Karbuja(Musk Melon)
30.43,51.31,111.97,7.91,6.32,69.91,18.36,31.26,42.42,26.32,18.6,Whole Year,Mango
27.61,58.61,105.23,6.45,6.35,66.83,20.54,30.37,47.5,22.13,17.64,Whole Year,Mango
25.67,57.51,61.31,7.92,6.94,28.07,13.01,33.37,42.76,23.87,17.49,Kharif,Black Gram Dal(Urd Dal)
26.21,71.99,168.82,13.45,6.82,90.08,13.64,27.53,35.78,36.69,21.46,Kharif,Rice
27.16,60.45,92.61,12.23,7.33,72.35,23.7,36.18,40.93,22.89,21.44,Whole Year,Pomegranate
33.61,50.8,47.8,8.73,6.3,59.13,11.47,19.42,59.13,21.45,15.82,Whole Year,Karbuja(Musk Melon)
25.66,62.07,71.88,7.58,7.01,32.59,17.47,28.04,43.65,28.31,19.56,Kharif,Black Gram Dal(Urd Dal)
29.71,47.9,65.3,9.96,6.69,80.29,17.75,19.61,59.31,21.08,13.88,Whole Year,Water Melon
26.88,77.3,162.52,11.32,6.94,104.76,25.0,30.95,40.18,28.87,25.78,Whole Year,Banana
30.13,50.08,56.71,12.9,6.44,73.1,17.78,12.65,64.32,23.03,14.79,Whole Year,Water Melon
27.2,82.13,169.4,10.06,6.54,77.56,25.0,28.93,38.72,32.35,25.32,Whole Year,Banana
28.46,61.31,63.62,11.35,7.23,72.97,25.0,31.47,39.47,29.06,27.79,Whole Year,Pomegranate
30.05,48.62,49.58,10.73,6.51,80.21,17.34,14.38,64.27,21.35,9.94,Whole Year,Water Melon
22.43,62.33,83.56,10.71,6.75,29.35,8.93,25.83,42.01,32.16,17.01,Kharif,Black Gram Dal(Urd Dal)
30.92,46.31,68.73,11.08,6.59,69.83,14.02,18.33,62.28,19.39,13.31,Whole Year,Karbuja(Musk Melon)
28.29,60.7,174.31,7.92,7.0,63.18,15.01,38.75,31.78,29.47,32.95,Kharif,Cotton
29.53,54.71,83.22,10.65,7.06,67.04,24.19,31.64,41.49,26.87,21.29,Whole Year,Pomegranate
28.39,59.13,145.65,9.96,7.08,55.84,15.76,39.06,28.25,32.69,37.87,Kharif,Cotton
27.9,71.83,171.31,8.14,6.62,81.67,22.4,26.86,39.26,33.88,24.54,Whole Year,Banana
27.08,69.42,151.82,8.9,6.96,86.28,25.0,28.78,33.0,38.22,21.18,Whole Year,Banana
26.13,63.73,109.3,10.57,6.7,72.65,16.6,33.03,38.74,28.23,19.26,Kharif,Maize
26.86,56.33,131.8,10.43,7.4,65.44,11.52,37.17,29.73,33.1,33.5,Kharif,Cotton
33.89,43.16,47.31,10.52,6.36,61.18,11.95,18.37,61.98,19.65,12.01,Whole Year,Karbuja(Musk Melon)
27.51,52.67,87.75,11.22,7.03,83.91,25.0,32.92,42.02,25.06,25.54,Whole Year,Pomegranate
28.8,69.63,188.03,10.28,6.36,85.1,25.0,27.24,34.53,38.23,25.97,Whole Year,Banana
26.05,65.77,142.98,9.32,7.18,64.03,12.93,41.13,26.01,32.86,32.48,Kharif,Cotton
29.12,74.37,137.2,5.98,6.4,88.93,16.61,28.63,45.06,26.31,24.31,Whole Year,Papaya
26.03,57.35,138.82,9.96,6.65,80.92,17.52,36.6,44.23,19.17,22.14,Kharif,Maize
27.52,51.9,68.13,8.91,6.82,52.03,16.46,21.8,50.0,28.2,22.09,Whole Year,Grapes
33.64,43.9,42.02,10.55,6.37,65.98,17.57,13.75,64.96,21.29,12.18,Whole Year,Karbuja(Musk Melon)
24.77,62.22,153.44,7.67,6.75,71.54,13.79,34.5,31.31,34.19,34.89,Kharif,Cotton
27.64,55.3,137.03,9.48,7.05,72.17,13.28,36.65,30.22,33.13,35.97,Kharif,Cotton
27.21,61.55,82.3,11.47,7.38,56.51,25.0,32.27,40.75,26.98,24.55,Whole Year,Pomegranate
27.71,63.28,64.54,7.79,6.72,30.92,13.54,32.02,40.07,27.91,20.91,Kharif,Black Gram Dal(Urd Dal)
34.08,57.58,142.35,8.41,6.27,65.21,22.75,30.52,47.29,22.19,20.47,Whole Year,Mango
23.73,61.9,90.81,10.12,6.54,78.47,16.48,29.91,42.66,27.43,18.54,Whole Year,Orange
23.05,53.13,98.67,7.87,6.09,42.38,20.23,25.03,45.78,29.19,14.64,Rabi,Beans
26.3,66.46,72.33,7.74,6.52,36.58,12.76,29.72,44.61,25.67,18.87,Kharif,Black Gram Dal(Urd Dal)
33.07,48.37,44.09,10.81,6.52,60.43,8.64,17.91,63.38,18.71,12.6,Whole Year,Karbuja(Musk Melon)
30.54,44.37,57.0,11.58,6.74,70.6,13.89,18.08,64.48,17.44,12.8,Whole Year,Karbuja(Musk Melon)
26.04,66.74,133.45,8.27,6.55,82.85,21.56,26.85,47.71,25.44,18.38,Whole Year,Papaya
31.31,69.67,59.38,7.88,6.55,30.71,7.72,24.38,47.56,28.06,15.85,Kharif,Black Gram Dal(Urd Dal)
22.81,49.28,81.57,8.26,6.38,39.31,11.91,26.81,43.25,29.94,17.27,Rabi,Beans
24.09,62.88,101.43,10.27,6.72,68.51,22.99,25.42,47.4,27.18,16.1,Whole Year,Orange
28.12,62.02,115.93,6.98,6.52,83.03,14.09,35.88,41.42,22.7,21.84,Kharif,Maize
28.88,78.06,172.86,7.63,6.5,87.08,21.35,30.21,35.95,33.84,20.96,Kharif,Rice
29.35,71.28,129.73,9.04,6.64,82.81,25.0,26.58,45.31,28.11,21.93,Whole Year,Papaya
25.91,55.59,66.22,11.07,7.0,57.01,21.0,29.01,47.56,23.43,15.79,Whole Year,Grapes
32.26,58.01,111.42,7.89,6.4,84.11,18.45,27.91,49.83,22.26,20.45,Whole Year,Mango
28.36,78.09,119.05,11.26,6.68,78.68,24.49,24.68,49.67,25.65,21.48,Whole Year,Papaya
27.38,62.04,128.43,8.57,7.23,61.23,14.89,39.54,29.27,31.19,35.87,Kharif,Cotton
25.82,51.6,100.18,10.23,6.66,53.68,23.69,31.65,44.25,24.1,21.6,Whole Year,Mango
26.16,71.45,167.77,10.9,6.65,89.52,25.0,28.08,39.16,32.76,23.64,Whole Year,Banana
28.03,68.83,176.88,7.6,6.8,84.08,22.3,28.38,34.74,36.88,28.53,Whole Year,Banana
27.84,71.81,150.0,8.14,6.53,85.09,23.99,22.25,49.75,28.0,21.69,Whole Year,Papaya
29.94,71.01,171.69,9.66,6.52,73.04,18.35,31.81,36.12,32.07,21.54,Kharif,Rice
21.21,61.15,81.25,9.36,6.56,69.33,16.24,31.74,44.99,23.27,19.91,Whole Year,Orange
24.46,56.79,114.28,7.13,6.86,59.48,17.84,32.55,45.64,21.81,18.09,Whole Year,Orange
31.01,62.03,78.95,8.73,7.18,26.45,8.35,27.7,40.6,31.7,18.97,Kharif,Black Gram Dal(Urd Dal)
27.91,78.67,161.48,10.46,6.71,88.14,25.0,28.87,36.4,34.73,26.87,Whole Year,Banana
27.44,79.02,161.68,9.97,6.87,98.57,25.0,28.87,36.33,34.8,23.4,Whole Year,Banana
26.5,76.78,174.6,9.79,6.9,84.63,25.0,25.77,34.04,40.19,25.77,Whole Year,Banana
28.2,73.78,136.28,10.23,6.67,74.23,20.63,27.73,43.84,28.43,24.48,Whole Year,Papaya
30.65,51.52,59.05,11.97,6.92,71.98,13.35,16.1,62.48,21.42,11.1,Whole Year,Water Melon
28.21,49.75,129.21,8.93,6.38,79.56,23.45,31.29,43.25,25.46,21.08,Whole Year,Mango
29.72,57.17,93.4,6.26,7.05,61.73,25.0,27.66,39.98,32.36,24.34,Whole Year,Pomegranate
26.46,55.63,134.23,8.17,6.92,68.53,14.01,36.27,32.93,30.8,30.11,Kharif,Cotton
21.64,58.0,64.0,8.07,6.96,56.1,12.85,24.97,52.99,22.04,14.84,Whole Year,Grapes
31.65,45.52,54.9,13.07,6.76,78.26,14.96,17.85,59.48,22.67,15.05,Whole Year,Water Melon
30.83,76.87,144.41,11.79,6.42,68.65,18.52,31.26,32.26,36.48,20.57,Kharif,Rice
20.32,60.95,111.84,8.71,6.61,68.39,22.13,28.32,45.4,26.28,16.12,Whole Year,Orange
31.19,50.78,46.99,12.49,6.58,81.7,13.3,15.73,59.78,24.49,14.16,Whole Year,Water Melon
23.82,70.26,118.15,9.37,6.8,61.85,17.87,28.89,43.37,27.74,20.95,Whole Year,Orange
28.66,81.72,191.57,10.72,6.49,86.99,25.0,33.4,35.67,30.93,21.74,Whole Year,Banana
31.3,65.22,145.1,6.93,6.93,77.6,21.19,31.21,43.05,25.74,23.62,Kharif,Maize
28.11,60.33,150.53,4.75,7.0,63.25,13.43,38.18,30.84,30.98,28.13,Kharif,Cotton
30.04,58.15,47.67,11.59,6.74,78.58,15.13,19.79,59.98,20.23,13.88,Whole Year,Karbuja(Musk Melon)
28.14,62.65,110.07,8.57,6.61,65.39,21.35,27.99,44.97,27.04,20.56,Whole Year,Mango
31.2,55.71,103.47,8.72,6.26,80.12,23.56,28.25,47.67,24.08,15.93,Whole Year,Mango
29.69,73.6,147.95,7.21,6.51,84.26,25.0,24.74,48.6,26.66,18.73,Whole Year,Papaya
26.52,52.58,102.29,9.6,6.56,81.42,20.95,27.9,45.91,26.19,18.62,Whole Year,Mango
26.75,63.11,112.02,7.29,6.79,58.08,18.13,31.78,44.84,23.38,21.95,Whole Year,Orange
29.37,61.98,114.02,9.19,6.94,85.8,21.38,33.72,38.07,28.21,20.67,Whole Year,Pomegranate
34.04,44.23,51.76,14.67,6.36,74.72,12.4,18.2,61.28,20.52,12.86,Whole Year,Water Melon
25.91,62.2,78.39,9.62,6.87,59.68,25.0,25.9,44.28,29.82,24.56,Whole Year,Pomegranate
28.48,59.37,123.01,8.59,6.76,63.45,23.08,39.91,40.18,19.91,23.34,Kharif,Maize
27.52,79.49,178.53,8.41,6.51,68.46,21.32,24.98,34.3,40.72,18.98,Kharif,Rice
29.61,65.1,115.58,8.05,6.68,76.18,18.82,35.76,41.22,23.02,21.55,Kharif,Maize
28.3,62.76,122.65,8.29,6.49,67.32,19.8,27.08,47.87,25.05,20.83,Whole Year,Mango
21.67,52.49,118.37,7.88,5.99,41.83,16.52,28.33,44.08,27.59,17.08,Rabi,Beans
28.3,66.23,96.26,8.91,6.49,78.45,20.58,36.62,46.04,17.34,25.36,Kharif,Maize
24.95,51.79,45.6,8.61,7.19,62.55,9.23,23.59,50.83,25.58,18.74,Whole Year,Grapes
24.76,56.3,158.43,8.21,7.01,51.24,9.62,37.65,30.22,32.13,33.69,Kharif,Cotton
29.73,51.07,51.42,10.89,6.44,61.28,10.07,17.19,65.38,17.43,12.25,Whole Year,Karbuja(Musk Melon)
28.95,48.46,45.8,10.44,6.65,72.98,14.64,22.19,57.19,20.62,10.88,Whole Year,Karbuja(Musk Melon)
25.79,58.78,74.37,7.9,7.16,40.52,13.25,24.19,45.73,30.08,17.91,Kharif,Black Gram Dal(Urd Dal)
26.66,67.42,94.73,10.62,6.1,83.74,16.92,26.24,45.84,27.92,25.05,Whole Year,Papaya
29.94,55.86,48.04,11.8,6.84,60.99,12.71,19.72,58.82,21.46,12.18,Whole Year,Karbuja(Musk Melon)
31.62,44.76,63.61,9.78,6.57,84.8,13.28,18.41,59.84,21.75,10.89,Whole Year,Karbuja(Musk Melon)
27.93,63.56,141.54,9.31,6.96,59.74,9.83,37.82,28.97,33.21,29.67,Kharif,Cotton
27.86,67.67,129.51,6.86,6.77,88.96,14.12,33.2,41.59,25.21,16.04,Whole Year,Papaya
26.59,55.64,148.25,10.07,7.07,66.17,12.38,39.68,29.83,30.49,28.16,Kharif,Cotton
22.65,65.96,96.23,9.66,6.85,70.25,16.44,27.76,46.24,26.0,19.52,Whole Year,Orange
28.26,69.12,75.61,8.05,6.66,38.28,8.64,30.8,44.31,24.89,18.3,Kharif,Black Gram Dal(Urd Dal)
29.85,76.97,158.05,7.58,6.77,93.01,24.01,33.11,33.28,33.61,23.13,Kharif,Rice
24.8,58.84,109.7,11.0,7.1,65.94,23.78,30.67,43.71,25.62,17.72,Kharif,Maize
27.6,75.54,168.34,9.54,6.49,83.79,25.0,28.27,37.19,34.54,21.4,Kharif,Rice
23.31,58.63,116.65,6.84,6.11,42.24,15.28,27.05,45.3,27.65,14.73,Rabi,Beans
29.73,63.68,62.73,9.13,6.63,33.02,13.64,30.38,41.27,28.35,17.55,Kharif,Black Gram Dal(Urd Dal)
25.94,63.79,114.36,8.8,6.72,74.95,20.95,31.43,41.77,26.8,17.33,Whole Year,Orange
28.19,74.12,167.35,11.08,6.54,85.52,24.74,26.52,33.44,40.04,21.35,Kharif,Rice
30.11,51.66,83.35,10.6,7.02,65.58,25.0,29.11,42.25,28.64,25.68,Whole Year,Pomegranate
30.64,46.06,64.89,10.42,6.63,73.86,13.11,19.5,63.15,17.35,14.86,Whole Year,Water Melon
29.32,55.97,87.61,9.37,7.27,75.68,25.0,34.65,42.05,23.3,20.6,Whole Year,Pomegranate
26.12,62.33,119.79,9.53,6.8,72.16,18.67,36.03,40.69,23.28,20.44,Kharif,Maize
23.78,60.86,133.89,9.28,6.44,54.76,16.26,23.16,50.05,26.79,19.98,Whole Year,Orange
32.89,42.55,58.25,11.1,6.71,77.28,13.95,17.48,64.31,18.21,11.52,Whole Year,Water Melon
26.07,66.36,55.78,9.84,6.65,81.87,25.0,31.56,39.58,28.86,21.1,Whole Year,Pomegranate
26.84,72.85,198.52,9.59,6.74,94.08,25.0,30.84,33.53,35.63,27.93,Whole Year,Banana
27.84,61.84,125.12,7.23,6.34,68.42,13.78,28.53,45.37,26.1,20.34,Whole Year,Mango
29.59,75.56,188.07,13.34,6.64,70.88,24.48,22.99,37.27,39.74,24.25,Kharif,Rice
30.19,69.05,135.32,11.35,6.52,70.35,18.14,25.74,46.64,27.62,21.97,Whole Year,Papaya
28.45,54.14,49.8,11.25,6.64,71.0,13.4,16.17,62.87,20.96,12.92,Whole Year,Karbuja(Musk Melon)
27.15,62.86,116.02,8.47,6.61,74.52,19.04,23.69,46.4,29.91,16.89,Whole Year,Orange
29.68,79.77,199.38,7.98,6.94,79.84,25.0,29.29,36.29,34.42,27.54,Whole Year,Banana
29.01,39.1,45.55,11.54,6.56,67.6,12.35,19.91,63.05,17.04,14.17,Whole Year,Karbuja(Musk Melon)
27.44,54.95,97.12,8.3,6.71,73.73,21.12,30.35,41.34,28.31,23.05,Whole Year,Pomegranate
27.95,61.07,145.56,7.82,7.32,65.62,11.92,31.04,42.27,26.69,22.17,Kharif,Maize
29.58,51.18,113.2,8.43,6.31,61.08,20.4,32.49,39.8,27.71,21.64,Whole Year,Mango
29.31,48.81,66.66,7.24,6.82,70.3,20.44,18.28,60.27,21.45,15.17,Whole Year,Karbuja(Musk Melon)
27.84,61.04,96.24,8.01,6.39,73.94,24.65,26.43,45.68,27.89,18.28,Whole Year,Mango
27.6,76.86,169.9,7.6,6.74,90.14,25.0,26.98,36.23,36.79,21.78,Whole Year,Banana
18.93,61.77,93.23,7.87,6.29,41.03,13.39,21.42,48.45,30.13,14.48,Rabi,Beans
28.5,54.49,48.97,11.37,6.95,68.97,12.72,16.79,62.24,20.97,11.83,Whole Year,Karbuja(Musk Melon)
27.34,75.67,189.72,8.35,6.74,97.59,25.0,28.49,36.33,35.18,21.87,Whole Year,Banana
26.08,63.51,94.3,10.18,7.06,64.58,25.0,27.99,41.15,30.86,23.97,Whole Year,Pomegranate
28.18,76.86,209.02,10.78,6.79,80.05,25.0,27.2,40.43,32.37,23.47,Whole Year,Banana
29.27,67.95,154.14,9.1,6.71,69.69,25.0,31.02,34.49,34.49,23.08,Whole Year,Banana
20.83,67.63,100.39,8.71,6.62,79.58,17.25,29.05,45.33,25.62,16.67,Whole Year,Orange
26.3,53.95,78.69,9.36,6.85,54.62,20.74,25.33,46.77,27.9,20.13,Whole Year,Grapes
28.12,83.06,167.29,9.15,6.47,93.81,24.94,29.69,35.0,35.31,22.18,Kharif,Rice
32.44,48.29,58.29,13.29,6.79,82.26,9.68,14.89,63.94,21.17,15.03,Whole Year,Water Melon
25.39,56.58,87.45,10.47,7.21,66.75,25.0,34.87,39.64,25.49,23.78,Whole Year,Pomegranate
28.71,59.51,99.12,6.96,6.71,76.65,12.4,32.1,41.21,26.69,20.41,Kharif,Maize
31.48,51.2,77.72,12.18,6.65,82.85,11.41,18.88,62.87,18.25,14.7,Whole Year,Water Melon
27.01,72.89,183.52,7.59,6.46,82.8,25.0,28.83,33.69,37.48,22.43,Whole Year,Banana
28.2,58.25,72.39,6.75,6.78,66.65,23.4,25.72,45.17,29.11,21.18,Whole Year,Orange
30.54,48.73,32.46,8.9,6.43,84.8,15.8,17.19,62.65,20.16,11.24,Whole Year,Karbuja(Musk Melon)
25.87,57.62,69.17,11.47,6.44,55.26,13.56,21.15,52.18,26.67,14.37,Whole Year,Grapes
21.04,52.48,67.27,11.26,6.78,50.9,19.41,27.44,49.75,22.81,16.77,Whole Year,Grapes
29.17,54.43,76.29,11.1,6.89,73.13,21.29,30.28,39.02,30.7,18.95,Whole Year,Pomegranate
31.28,57.72,71.23,7.15,6.74,37.46,14.62,29.47,42.68,27.85,15.96,Kharif,Black Gram Dal(Urd Dal)
24.83,63.01,102.32,9.49,6.74,79.04,17.91,24.29,47.68,28.03,19.42,Whole Year,Orange
26.1,73.41,128.48,8.16,7.02,79.92,19.22,27.71,45.56,26.73,23.53,Whole Year,Papaya
24.95,57.52,90.25,8.03,6.44,41.77,15.41,26.39,40.83,32.78,19.18,Rabi,Beans
22.69,65.49,111.96,10.44,6.63,75.47,13.4,25.38,51.28,23.34,15.11,Whole Year,Orange
17.0,60.59,96.62,7.56,6.27,42.64,16.35,24.35,43.84,31.81,15.08,Rabi,Beans
30.87,68.7,149.07,8.55,6.51,81.81,25.0,27.83,46.07,26.1,18.53,Whole Year,Papaya
24.06,62.0,52.81,9.78,6.78,50.13,19.64,23.8,54.37,21.83,17.16,Whole Year,Grapes
24.71,56.67,71.5,10.29,7.47,65.02,13.68,28.9,44.81,26.29,17.17,Whole Year,Grapes
32.29,50.35,60.39,10.5,6.6,51.02,9.39,16.88,64.05,19.07,15.59,Whole Year,Water Melon
31.55,47.97,36.0,13.71,6.26,69.24,13.21,17.94,58.66,23.4,9.82,Whole Year,Karbuja(Musk Melon)
29.24,62.51,73.3,10.11,6.8,34.0,8.72,32.71,40.63,26.66,17.46,Kharif,Black Gram Dal(Urd Dal)
23.97,65.53,109.53,8.31,6.97,79.6,21.12,28.03,46.5,25.47,17.82,Whole Year,Orange
19.71,67.6,118.92,5.72,6.03,38.54,15.24,25.42,45.24,29.34,22.5,Rabi,Beans
27.54,70.65,126.21,9.89,6.81,88.02,24.72,28.01,45.56,26.43,23.42,Whole Year,Papaya
30.31,52.97,70.9,12.45,6.36,77.89,11.03,16.06,64.33,19.61,13.71,Whole Year,Water Melon
24.54,61.37,84.07,8.04,6.95,76.67,25.0,35.98,37.97,26.05,23.01,Whole Year,Pomegranate
26.87,62.71,93.97,9.65,7.13,84.92,25.0,31.76,39.97,28.27,18.73,Whole Year,Pomegranate
32.45,68.76,151.95,5.89,7.22,76.88,24.95,24.94,48.02,27.04,21.75,Whole Year,Papaya
30.29,55.17,90.59,9.42,6.95,66.79,25.0,31.03,38.81,30.16,23.31,Whole Year,Pomegranate
19.43,56.54,88.74,6.12,6.04,39.99,17.32,27.9,41.5,30.6,17.8,Rabi,Beans
26.44,66.35,107.75,10.47,6.49,74.43,19.38,25.55,47.69,26.76,14.88,Whole Year,Orange
32.19,48.2,48.87,7.35,6.55,57.93,11.0,19.42,61.03,19.55,12.08,Whole Year,Karbuja(Musk Melon)
36.05,55.07,80.25,10.87,6.43,76.0,14.55,19.91,61.0,19.09,14.79,Whole Year,Karbuja(Musk Melon)
26.66,57.8,150.03,4.88,7.06,52.63,11.98,38.29,28.32,33.39,31.05,Kharif,Cotton
29.26,79.1,157.03,9.28,6.73,79.04,23.78,29.2,36.17,34.63,23.48,Kharif,Rice
21.11,67.68,115.52,6.65,6.23,43.42,19.66,24.37,46.89,28.74,20.49,Rabi,Beans
29.43,50.82,117.48,9.14,6.12,71.41,25.0,27.38,47.24,25.38,24.19,Whole Year,Mango
29.15,72.29,171.11,11.01,6.83,75.75,25.0,28.13,35.62,36.25,27.4,Whole Year,Banana
30.99,58.25,103.46,9.79,6.56,55.3,23.05,29.45,42.49,28.06,18.46,Whole Year,Mango
30.93,40.58,56.87,10.78,6.86,76.53,15.85,21.62,62.04,16.34,16.8,Whole Year,Karbuja(Musk Melon)
24.56,60.5,103.26,6.88,6.22,41.0,15.58,27.38,42.71,29.91,19.04,Rabi,Beans
30.9,53.36,119.01,11.63,6.36,70.14,17.7,29.17,45.24,25.59,21.81,Whole Year,Mango
29.87,56.98,122.24,9.91,6.76,75.09,22.72,30.58,45.13,24.29,18.39,Kharif,Maize
27.97,50.62,69.15,10.25,6.86,71.7,25.0,30.85,36.26,32.89,23.16,Whole Year,Pomegranate
27.37,83.5,162.25,10.19,6.78,80.2,25.0,28.41,33.35,38.24,22.33,Kharif,Rice
25.79,54.86,89.63,10.4,7.11,72.59,23.61,28.91,41.66,29.43,25.14,Whole Year,Pomegranate
25.49,54.39,68.37,9.59,6.97,51.87,23.6,23.89,49.6,26.51,15.78,Whole Year,Grapes
29.95,55.07,73.02,9.55,6.84,37.2,12.51,30.91,44.09,25.0,20.79,Kharif,Black Gram Dal(Urd Dal)
29.95,52.65,76.31,9.31,6.75,44.32,11.81,30.11,43.13,26.76,17.99,Kharif,Black Gram Dal(Urd Dal)
32.01,74.09,124.68,6.28,6.51,92.59,25.0,24.81,50.22,24.97,22.81,Whole Year,Papaya
23.44,60.96,106.41,9.43,7.02,73.24,22.42,30.35,47.71,21.94,19.28,Whole Year,Orange
29.39,62.28,150.8,8.93,6.96,64.03,16.36,41.45,28.96,29.59,31.94,Kharif,Cotton
24.37,57.62,120.7,11.72,6.31,74.94,24.01,28.68,45.72,25.6,18.48,Whole Year,Mango
25.96,66.31,122.04,10.19,6.91,71.27,23.57,36.56,43.66,19.78,21.67,Kharif,Maize
31.98,57.65,118.25,10.88,6.68,68.19,22.74,27.79,45.26,26.95,20.31,Whole Year,Mango
28.57,77.01,143.03,7.9,6.51,94.74,22.97,26.18,50.55,23.27,17.93,Whole Year,Papaya
29.28,66.57,133.98,9.76,6.7,63.33,25.0,25.58,48.67,25.75,20.92,Whole Year,Papaya
25.12,81.31,179.99,7.29,6.6,81.51,25.0,28.42,38.94,32.64,26.47,Whole Year,Banana
26.02,67.32,77.83,10.8,6.53,43.39,10.75,29.88,45.28,24.84,19.94,Kharif,Black Gram Dal(Urd Dal)
33.55,44.71,78.55,12.93,6.52,87.97,16.88,19.34,62.07,18.59,14.1,Whole Year,Water Melon
25.12,66.87,125.89,9.58,7.13,82.18,18.41,36.52,36.17,27.31,21.37,Kharif,Maize
24.64,60.44,95.1,12.14,6.44,85.2,17.44,29.16,45.19,25.65,19.15,Whole Year,Orange
29.65,67.97,140.06,8.09,6.71,49.09,13.28,38.85,25.81,35.34,35.9,Kharif,Cotton
28.07,66.14,158.09,11.05,6.98,65.71,17.65,29.13,44.21,26.66,24.57,Kharif,Maize
25.84,59.19,125.56,9.14,7.28,62.47,12.16,38.38,29.68,31.94,29.42,Kharif,Cotton
29.14,71.02,167.36,8.13,6.57,89.82,25.0,28.68,37.6,33.72,26.27,Whole Year,Banana
27.17,64.98,145.36,7.3,7.21,64.17,13.88,40.16,26.01,33.83,34.83,Kharif,Cotton
27.53,63.44,77.14,10.1,7.02,30.98,7.07,30.22,42.84,26.94,22.17,Kharif,Black Gram Dal(Urd Dal)
30.05,58.18,102.84,9.02,6.7,85.44,22.66,34.85,39.75,25.4,22.12,Whole Year,Pomegranate
28.77,68.66,68.7,10.78,6.97,39.19,14.58,26.37,44.2,29.43,16.79,Kharif,Black Gram Dal(Urd Dal)
27.45,80.4,174.25,9.35,6.64,83.74,25.0,26.87,32.75,40.38,22.59,Kharif,Rice
27.19,54.18,54.98,9.21,6.88,51.46,11.78,23.05,54.83,22.12,22.25,Whole Year,Grapes
31.09,55.66,148.74,6.72,6.95,68.6,13.0,37.17,31.83,31.0,29.73,Kharif,Cotton
30.0,50.58,53.89,12.29,6.34,76.12,15.25,17.89,59.04,23.07,13.4,Whole Year,Karbuja(Musk Melon)
26.97,63.7,122.33,8.43,6.66,77.12,13.0,33.57,39.95,26.48,17.4,Kharif,Maize
36.26,47.79,112.91,10.15,6.54,59.13,18.41,28.32,46.78,24.9,20.75,Whole Year,Mango
34.46,48.47,53.92,10.04,6.43,61.15,19.77,20.01,59.42,20.57,16.43,Whole Year,Karbuja(Musk Melon)
25.04,53.86,61.36,10.82,6.92,57.46,13.54,21.56,49.74,28.7,16.5,Whole Year,Grapes
26.83,64.29,140.5,9.67,7.14,67.33,14.53,38.18,31.81,30.01,34.74,Kharif,Cotton
30.29,75.41,175.71,10.21,6.5,89.71,22.65,28.2,35.12,36.68,21.57,Kharif,Rice
29.8,51.23,85.98,11.07,6.88,61.96,20.4,27.57,48.47,23.96,18.07,Whole Year,Mango
27.57,52.12,52.84,11.36,6.99,72.88,13.82,22.91,57.13,19.96,10.87,Whole Year,Karbuja(Musk Melon)
22.84,49.78,67.62,10.04,6.93,59.52,18.75,25.37,47.71,26.92,18.95,Whole Year,Grapes
24.64,72.08,115.82,8.95,6.43,79.48,18.29,24.97,46.35,28.68,16.59,Whole Year,Orange
27.62,78.75,171.27,12.32,7.06,81.81,25.0,27.63,37.39,34.98,26.4,Kharif,Rice
29.89,55.8,116.19,8.64,6.33,60.53,10.16,32.95,42.32,24.73,19.64,Whole Year,Mango
27.61,76.64,159.02,9.82,7.01,68.63,25.0,27.99,35.01,37.0,27.81,Whole Year,Banana
29.89,66.63,48.52,10.61,6.79,34.61,14.81,26.38,42.4,31.22,19.01,Kharif,Black Gram Dal(Urd Dal)
28.44,45.89,63.86,12.85,6.6,70.95,4.13,17.48,60.69,21.83,16.33,Whole Year,Karbuja(Musk Melon)
28.53,57.36,105.91,8.44,7.14,82.7,20.51,34.37,42.82,22.81,24.69,Kharif,Maize
24.48,49.39,75.27,11.15,6.6,65.56,19.47,24.89,47.17,27.94,16.96,Whole Year,Grapes
35.61,54.19,57.94,15.89,6.42,71.12,11.58,19.86,59.7,20.44,15.45,Whole Year,Water Melon
26.38,58.91,135.73,10.94,6.42,63.83,8.78,33.99,40.54,25.47,18.98,Kharif,Maize
28.09,78.35,158.78,8.94,6.53,83.91,25.0,24.55,36.86,38.59,22.63,Kharif,Rice
29.14,48.61,48.63,10.48,6.55,62.41,13.31,15.15,64.03,20.82,17.09,Whole Year,Karbuja(Musk Melon)
26.5,64.01,77.55,8.31,6.71,35.39,17.95,29.42,43.26,27.32,16.13,Kharif,Black Gram Dal(Urd Dal)
25.01,60.71,115.0,9.2,6.61,66.37,19.49,27.2,42.61,30.19,18.74,Whole Year,Orange
29.25,63.72,108.38,5.69,7.08,74.95,23.3,25.66,47.99,26.35,20.02,Whole Year,Orange
26.84,49.46,147.93,10.4,6.85,62.47,15.28,38.3,29.0,32.7,33.57,Kharif,Cotton
25.57,58.8,119.74,7.37,6.83,84.04,15.05,35.1,39.1,25.8,19.71,Kharif,Maize
19.96,60.77,97.07,8.37,6.67,64.02,18.48,32.19,44.35,23.46,17.19,Whole Year,Orange
30.36,58.92,85.06,9.08,7.21,60.02,25.0,34.19,40.36,25.45,21.53,Whole Year,Pomegranate
27.45,64.89,142.17,9.32,7.07,70.01,19.29,36.16,39.22,24.62,19.63,Kharif,Maize
19.03,58.2,112.4,6.53,5.73,41.56,17.15,27.0,42.28,30.72,15.97,Rabi,Beans
32.56,51.56,107.09,9.53,6.33,78.41,13.09,30.82,45.44,23.74,22.27,Whole Year,Mango
23.07,61.36,61.05,11.49,6.88,26.98,12.62,27.21,41.04,31.75,18.5,Kharif,Black Gram Dal(Urd Dal)
31.57,70.21,115.73,8.28,6.84,85.69,23.06,22.26,47.51,30.23,18.14,Whole Year,Papaya
28.93,73.38,128.82,8.5,7.15,65.77,21.47,29.49,45.89,24.62,20.12,Whole Year,Papaya
28.83,50.58,49.53,10.39,6.64,67.38,15.88,20.65,61.33,18.02,12.38,Whole Year,Karbuja(Musk Melon)
29.65,79.68,180.5,10.42,6.72,86.44,25.0,30.82,34.38,34.8,24.96,Whole Year,Banana
27.53,64.55,76.3,10.26,6.8,42.13,9.02,33.16,42.27,24.57,17.14,Kharif,Black Gram Dal(Urd Dal)
30.67,48.79,51.95,11.65,6.35,64.01,12.77,17.09,62.43,20.48,13.5,Whole Year,Karbuja(Musk Melon)
26.92,61.38,91.64,8.34,6.73,38.92,17.54,30.5,42.14,27.36,17.89,Kharif,Black Gram Dal(Urd Dal)
27.6,56.38,92.67,9.23,6.87,71.5,25.0,32.11,40.73,27.16,23.37,Whole Year,Pomegranate
26.33,59.72,80.21,14.04,6.91,50.74,12.54,27.69,47.6,24.71,15.32,Whole Year,Grapes
28.47,80.77,177.25,10.69,6.66,92.16,25.0,28.4,36.88,34.72,22.76,Whole Year,Banana
29.29,51.82,28.73,12.17,6.87,61.32,10.24,18.46,60.39,21.15,15.07,Whole Year,Water Melon
23.15,52.39,58.54,8.72,6.91,63.7,14.65,22.65,49.38,27.97,13.58,Whole Year,Grapes
23.65,65.19,91.33,7.2,6.74,80.71,15.07,31.51,43.86,24.63,17.89,Whole Year,Orange
31.78,46.89,52.99,13.17,6.79,80.06,9.93,14.27,64.54,21.19,12.18,Whole Year,Water Melon
31.74,77.07,112.44,9.08,6.95,84.48,22.89,27.9,47.62,24.48,19.92,Whole Year,Papaya
25.86,78.38,183.15,6.93,6.39,91.5,25.0,29.79,33.16,37.05,24.96,Kharif,Rice
30.22,60.97,95.3,10.2,7.31,75.2,22.88,27.96,41.55,30.49,19.36,Whole Year,Pomegranate
29.41,76.09,160.17,7.16,6.74,87.47,14.49,26.6,45.6,27.8,19.71,Whole Year,Papaya
28.49,76.96,160.75,8.42,6.7,90.08,21.95,26.62,39.03,34.35,24.67,Whole Year,Banana
25.61,69.7,66.93,6.47,6.77,42.1,8.82,30.08,43.29,26.63,20.04,Kharif,Black Gram Dal(Urd Dal)
29.79,54.33,92.75,11.2,6.65,72.83,16.23,29.56,43.08,27.36,20.82,Whole Year,Mango
28.18,64.03,127.55,7.5,6.73,80.2,21.41,42.1,36.41,21.49,24.51,Kharif,Maize
27.25,75.66,182.64,9.11,6.51,100.06,25.0,25.91,38.52,35.57,24.6,Whole Year,Banana
28.99,59.72,62.01,9.65,6.71,48.94,13.86,25.14,46.5,28.36,18.49,Whole Year,Grapes
28.11,69.59,136.47,11.48,7.07,90.58,20.79,29.46,45.5,25.04,18.66,Whole Year,Papaya
33.42,53.66,103.9,7.83,6.37,75.37,18.66,32.35,42.73,24.92,18.84,Whole Year,Mango
26.64,54.49,148.62,9.13,6.96,60.29,15.37,35.02,31.36,33.62,32.88,Kharif,Cotton
26.46,73.62,206.01,9.08,6.85,89.83,23.1,28.9,32.99,38.11,31.33,Whole Year,Banana
30.0,61.37,144.11,8.38,6.86,79.73,15.21,35.27,42.45,22.28,20.46,Kharif,Maize
25.46,62.01,119.69,7.2,6.72,60.16,15.39,33.87,41.52,24.61,21.96,Kharif,Maize
30.68,46.09,56.96,11.49,6.46,60.1,8.48,17.35,63.84,18.81,13.69,Whole Year,Karbuja(Musk Melon)
31.01,49.6,58.18,10.67,6.55,70.35,9.46,17.14,62.47,20.39,15.9,Whole Year,Karbuja(Musk Melon)
24.74,61.64,144.21,6.2,7.16,51.34,17.8,39.3,29.76,30.94,30.75,Kharif,Cotton
29.14,49.98,62.1,13.3,6.41,73.57,9.66,15.68,60.38,23.94,13.37,Whole Year,Karbuja(Musk Melon)
30.35,62.4,57.36,9.29,6.83,29.73,13.74,32.08,44.41,23.51,16.58,Kharif,Black Gram Dal(Urd Dal)
24.79,55.28,55.24,8.84,6.74,63.86,19.59,22.03,51.77,26.2,13.99,Whole Year,Grapes
25.99,75.95,154.82,11.35,6.54,67.03,24.76,24.04,48.19,27.77,20.9,Whole Year,Papaya
25.76,77.24,170.13,6.92,6.58,88.26,25.0,33.69,36.4,29.91,26.59,Whole Year,Banana
30.19,76.05,160.04,7.35,6.9,76.74,17.23,26.7,50.5,22.8,17.81,Whole Year,Papaya
32.97,53.8,120.89,7.78,6.77,76.24,16.71,29.28,48.09,22.63,20.18,Whole Year,Mango
28.74,57.39,127.48,9.34,7.31,71.53,13.93,36.03,30.33,33.64,34.7,Kharif,Cotton
29.0,63.46,84.35,11.29,6.56,33.69,11.35,30.46,43.63,25.91,19.4,Kharif,Black Gram Dal(Urd Dal)
29.56,77.3,176.49,8.95,6.51,83.61,21.56,26.31,37.67,36.02,16.59,Kharif,Rice
28.84,57.08,112.04,9.09,6.51,74.36,18.36,26.99,45.56,27.45,22.97,Whole Year,Mango
27.06,76.39,146.94,8.56,6.59,86.76,22.23,25.57,37.19,37.24,22.41,Kharif,Rice
24.2,50.58,74.75,10.74,7.14,63.02,13.84,29.56,47.76,22.68,17.06,Whole Year,Grapes
28.45,57.3,96.65,9.67,7.27,83.13,25.0,32.67,38.41,28.92,17.16,Whole Year,Pomegranate
29.23,55.74,90.14,9.52,6.82,64.87,25.0,26.44,44.68,28.88,19.23,Whole Year,Pomegranate
28.07,56.93,70.26,8.99,7.13,77.92,25.0,28.58,43.77,27.65,23.9,Whole Year,Pomegranate
28.24,66.5,108.99,7.66,6.75,81.19,25.0,36.74,40.01,23.25,19.03,Kharif,Maize
35.04,47.73,50.82,8.48,6.34,67.01,14.51,18.83,60.99,20.18,17.11,Whole Year,Karbuja(Musk Melon)
26.52,57.46,150.25,8.38,7.14,63.17,18.1,37.71,30.89,31.4,30.8,Kharif,Cotton
27.65,51.71,81.51,8.6,6.72,59.44,20.94,25.25,51.78,22.97,16.58,Whole Year,Grapes
27.29,54.46,122.56,7.95,6.88,83.02,23.08,23.8,48.52,27.68,14.36,Whole Year,Mango
19.67,64.23,100.73,9.48,6.06,43.14,12.48,23.94,41.16,34.9,14.17,Rabi,Beans
29.99,59.13,122.25,9.24,7.67,58.32,13.63,36.39,30.45,33.16,33.56,Kharif,Cotton
31.08,61.74,133.72,10.78,6.41,82.83,18.72,29.84,42.32,27.84,15.06,Whole Year,Mango
28.47,67.06,117.8,7.37,6.35,73.68,6.19,26.35,47.89,25.76,17.95,Whole Year,Mango
20.34,56.52,104.4,7.77,6.12,38.33,16.9,27.15,46.85,26.0,17.12,Rabi,Beans
30.71,75.97,182.9,10.78,6.67,85.7,25.0,30.28,37.04,32.68,23.54,Whole Year,Banana
23.76,57.65,90.46,7.96,6.05,43.0,7.75,22.16,46.13,31.71,16.02,Rabi,Beans
31.13,45.15,44.13,11.84,6.56,61.94,17.41,17.34,63.1,19.56,12.05,Whole Year,Karbuja(Musk Melon)
29.92,71.27,147.38,9.53,6.67,78.21,25.0,25.67,46.11,28.22,20.1,Whole Year,Papaya
28.15,65.58,132.42,10.66,6.99,80.08,20.88,34.24,38.48,27.28,18.55,Kharif,Maize
18.58,57.91,101.62,7.79,6.32,33.08,12.01,28.85,41.82,29.33,16.17,Rabi,Beans
27.94,64.06,84.17,11.69,7.13,35.76,8.72,29.33,45.17,25.5,15.03,Kharif,Black Gram Dal(Urd Dal)
25.23,62.52,133.31,8.53,6.65,82.18,15.26,39.13,40.05,20.82,21.61,Kharif,Maize
20.59,56.62,96.74,7.72,5.97,31.5,17.78,26.28,45.03,28.69,14.04,Rabi,Beans
24.61,61.59,142.61,8.69,7.29,63.76,14.92,38.71,28.74,32.55,34.25,Kharif,Cotton
29.41,53.66,171.33,10.81,7.27,58.88,12.94,37.43,30.61,31.96,27.91,Kharif,Cotton
31.4,55.48,76.82,13.33,6.51,70.08,10.8,15.48,62.98,21.54,14.17,Whole Year,Karbuja(Musk Melon)
27.44,63.03,61.33,7.9,6.47,33.17,14.93,31.04,41.03,27.93,20.07,Kharif,Black Gram Dal(Urd Dal)
25.26,60.08,134.54,8.41,7.09,79.11,12.58,36.01,37.09,26.9,19.13,Kharif,Maize
36.48,51.13,67.56,10.06,6.46,68.94,12.68,16.75,65.11,18.14,14.18,Whole Year,Water Melon
25.12,49.3,78.38,8.64,6.92,58.81,13.05,24.58,49.21,26.21,16.41,Whole Year,Grapes
26.67,73.93,120.0,11.74,6.7,84.29,20.4,26.57,50.86,22.57,22.88,Whole Year,Papaya
29.12,61.53,64.7,8.74,7.07,65.46,25.0,30.22,41.91,27.87,24.34,Whole Year,Pomegranate
29.51,72.15,134.16,8.38,6.78,75.97,17.81,23.42,44.98,31.6,14.0,Whole Year,Papaya
24.95,72.68,188.89,8.72,6.67,89.98,21.33,29.71,34.18,36.11,23.94,Kharif,Rice
29.15,75.39,165.3,9.14,6.72,90.24,16.66,26.92,36.56,36.52,21.73,Kharif,Rice
29.17,70.51,131.53,5.32,6.8,84.38,22.88,26.0,45.36,28.64,17.5,Whole Year,Papaya
30.38,59.55,109.48,12.18,6.62,72.58,20.93,30.89,44.11,25.0,21.26,Whole Year,Mango
28.41,63.09,97.08,8.36,6.43,55.15,22.84,32.26,43.02,24.72,23.28,Whole Year,Mango
25.32,57.48,97.03,11.52,7.3,58.54,24.17,29.17,41.9,28.93,20.11,Whole Year,Pomegranate
29.52,55.65,89.42,11.5,6.8,34.65,19.53,30.0,43.81,26.19,17.41,Kharif,Black Gram Dal(Urd Dal)
27.67,76.28,221.18,10.9,6.6,94.01,24.77,27.64,39.88,32.48,22.65,Kharif,Rice
26.21,53.56,90.45,8.75,7.23,63.99,25.0,29.82,41.87,28.31,25.47,Whole Year,Pomegranate
25.44,80.95,180.66,9.54,6.71,92.91,21.37,28.04,36.66,35.3,24.22,Kharif,Rice
25.07,54.46,66.84,9.8,6.59,63.17,17.67,29.3,46.01,24.69,16.83,Whole Year,Orange
27.79,56.22,97.85,7.48,7.06,71.76,23.71,30.67,42.0,27.33,24.39,Whole Year,Pomegranate
25.67,67.39,123.6,10.8,6.58,70.92,14.91,22.22,49.36,28.42,19.69,Whole Year,Orange
21.45,56.75,71.12,9.39,6.94,64.57,11.42,29.87,44.85,25.28,15.83,Whole Year,Grapes
33.1,56.7,160.68,10.13,7.17,68.37,11.26,38.94,28.72,32.34,29.01,Kharif,Cotton
26.26,54.79,80.82,9.9,6.87,32.31,12.25,27.66,44.91,27.43,18.31,Kharif,Black Gram Dal(Urd Dal)
32.81,43.07,55.71,12.44,6.8,83.48,10.79,16.82,61.77,21.41,16.22,Whole Year,Water Melon
33.01,46.98,52.39,15.64,6.6,81.07,14.64,18.43,65.37,16.2,14.54,Whole Year,Water Melon
23.06,58.5,53.28,11.24,6.98,48.57,15.06,25.48,50.92,23.6,14.9,Whole Year,Grapes
29.41,59.36,136.69,9.75,6.69,80.57,16.58,31.01,46.3,22.69,22.77,Whole Year,Mango
25.93,61.55,142.93,9.66,6.49,73.98,25.0,37.45,37.99,24.56,20.67,Kharif,Maize
26.13,63.39,132.42,11.63,6.92,59.53,15.46,38.52,29.41,32.07,35.13,Kharif,Cotton
29.04,77.97,167.84,9.81,6.19,71.33,21.29,21.56,37.66,40.78,24.16,Kharif,Rice
27.21,75.92,165.24,7.17,6.64,90.87,25.0,28.38,36.09,35.53,20.03,Kharif,Rice
25.65,63.14,89.88,9.25,6.39,72.16,21.84,27.13,47.19,25.68,18.83,Whole Year,Orange
26.16,63.61,121.02,9.62,7.2,78.9,22.37,33.72,40.94,25.34,18.94,Kharif,Maize
32.31,59.96,91.38,6.81,6.75,62.93,21.94,30.14,45.71,24.15,21.25,Whole Year,Mango
25.05,56.05,69.7,11.09,6.84,55.87,12.09,27.81,44.81,27.38,17.02,Whole Year,Grapes
28.06,63.17,56.94,7.1,6.82,37.02,14.66,30.19,43.6,26.21,18.53,Kharif,Black Gram Dal(Urd Dal)
27.07,59.83,75.29,5.99,6.97,30.32,13.55,22.8,47.33,29.87,17.73,Kharif,Black Gram Dal(Urd Dal)
27.74,76.04,142.02,10.96,6.61,75.13,25.0,26.15,47.77,26.08,21.99,Whole Year,Papaya
30.95,54.92,56.45,12.19,6.6,81.63,15.88,14.29,64.11,21.6,10.61,Whole Year,Water Melon
29.26,63.39,115.04,6.49,6.73,80.58,16.72,26.22,47.4,26.38,18.7,Whole Year,Orange
25.28,80.8,181.0,8.0,6.91,65.38,20.13,31.14,36.74,32.12,24.73,Whole Year,Banana
29.47,59.47,121.88,11.22,6.48,49.96,19.77,30.14,45.14,24.72,19.01,Whole Year,Mango
31.8,72.34,144.44,8.27,7.02,76.77,22.72,28.23,47.49,24.28,14.91,Whole Year,Papaya
31.64,54.24,95.38,9.15,7.21,80.52,25.0,31.67,38.58,29.75,20.78,Whole Year,Pomegranate
27.12,64.15,143.97,9.36,6.67,79.28,22.41,32.19,42.76,25.05,22.7,Kharif,Maize
27.21,74.77,72.23,10.26,6.99,37.67,13.78,31.7,40.64,27.66,16.33,Kharif,Black Gram Dal(Urd Dal)
26.76,63.13,106.89,8.34,6.62,65.72,19.07,29.61,44.02,26.37,16.28,Whole Year,Orange
31.16,53.39,129.63,10.46,6.57,58.28,14.66,35.56,40.36,24.08,21.55,Whole Year,Mango
28.3,48.96,71.48,10.36,7.06,58.22,13.33,22.35,51.71,25.94,13.23,Whole Year,Grapes
22.8,64.9,99.19,7.87,6.33,41.33,15.13,29.38,40.12,30.5,17.14,Rabi,Beans
30.43,56.82,119.76,10.88,6.25,62.37,19.32,27.84,44.74,27.42,21.7,Whole Year,Mango
28.91,58.45,152.04,8.21,7.09,60.02,17.06,42.49,24.54,32.97,31.86,Kharif,Cotton
29.76,62.42,102.44,12.71,7.37,75.41,25.0,35.79,38.99,25.22,20.2,Whole Year,Pomegranate
24.5,56.69,80.46,9.67,7.12,50.94,14.39,24.59,52.32,23.09,12.47,Whole Year,Grapes
29.39,75.06,180.55,7.96,6.95,83.61,25.0,34.75,34.96,30.29,25.66,Whole Year,Banana
27.73,79.1,202.97,9.04,6.79,79.61,25.0,31.48,34.81,33.71,23.33,Whole Year,Banana
25.52,56.59,146.85,10.94,7.43,75.92,9.57,39.23,30.11,30.66,32.16,Kharif,Cotton
28.34,76.83,155.92,5.99,6.72,72.69,18.15,24.6,47.59,27.81,18.99,Whole Year,Papaya
29.72,45.38,62.69,11.18,7.02,54.36,10.57,16.57,62.18,21.25,9.66,Whole Year,Karbuja(Musk Melon)
19.39,59.66,80.94,8.06,6.08,40.37,18.71,26.99,43.92,29.09,15.02,Rabi,Beans
30.88,69.7,103.18,7.5,7.15,67.55,10.81,41.55,34.73,23.72,25.54,Kharif,Maize
27.75,58.95,113.89,8.36,6.75,62.27,11.82,35.74,40.0,24.26,17.27,Kharif,Maize
27.6,57.15,64.5,8.33,6.77,36.9,14.87,30.91,41.85,27.24,18.28,Kharif,Black Gram Dal(Urd Dal)
34.92,76.05,147.35,9.78,6.89,78.81,21.49,24.74,48.16,27.1,19.95,Whole Year,Papaya
30.98,61.67,81.99,8.65,7.21,63.9,25.0,34.38,40.88,24.74,19.28,Whole Year,Pomegranate
29.09,63.26,71.08,10.66,6.62,37.01,14.87,28.39,44.09,27.52,16.04,Kharif,Black Gram Dal(Urd Dal)
28.29,61.23,131.15,10.99,6.31,70.1,15.73,36.54,40.84,22.62,19.2,Kharif,Maize
27.53,75.49,172.19,6.35,6.9,75.65,25.0,29.98,34.92,35.1,24.28,Whole Year,Banana
30.59,51.45,44.04,13.79,6.6,72.53,14.74,15.87,65.41,18.72,15.36,Whole Year,Water Melon
34.12,49.5,52.63,11.03,6.28,72.72,10.86,21.62,58.92,19.46,11.59,Whole Year,Karbuja(Musk Melon)
24.79,60.62,136.79,8.97,6.72,79.53,17.68,39.18,42.0,18.82,20.52,Kharif,Maize
24.98,84.37,183.56,10.61,6.46,72.86,25.0,26.2,36.96,36.84,22.34,Kharif,Rice
32.38,46.89,47.11,12.72,6.4,69.85,9.97,19.95,61.65,18.4,15.69,Whole Year,Water Melon
25.46,59.79,110.65,11.89,7.27,79.75,25.0,28.85,43.15,28.0,21.01,Whole Year,Pomegranate
21.81,59.26,114.96,7.87,6.19,32.84,13.83,21.95,48.26,29.79,19.41,Rabi,Beans
25.01,57.84,136.23,11.45,7.24,55.64,15.64,37.58,30.88,31.54,34.36,Kharif,Cotton
23.92,66.4,84.33,10.58,6.94,57.34,24.34,30.63,45.0,24.37,21.2,Whole Year,Orange
30.07,68.86,132.31,8.29,6.65,83.85,22.31,28.57,45.44,25.99,16.82,Whole Year,Papaya
23.9,51.69,65.63,11.64,6.76,53.66,18.99,26.73,50.59,22.68,17.81,Whole Year,Grapes
24.56,64.67,101.68,9.97,6.21,43.5,11.13,26.82,39.96,33.22,15.29,Rabi,Beans
29.96,54.21,69.41,9.42,6.73,73.8,16.27,21.57,61.66,16.77,15.29,Whole Year,Karbuja(Musk Melon)
28.36,57.79,87.77,9.46,7.21,65.63,22.11,28.71,42.04,29.25,22.44,Whole Year,Pomegranate
29.94,56.62,93.07,9.42,6.93,72.29,16.36,29.62,47.67,22.71,23.28,Kharif,Maize
21.3,53.62,64.0,9.4,7.24,50.91,21.53,23.5,51.15,25.35,17.08,Whole Year,Grapes
22.85,63.65,139.98,10.29,6.66,73.18,18.96,29.43,41.78,28.79,15.83,Whole Year,Orange
23.97,63.0,94.55,8.04,6.49,77.57,18.77,31.08,42.22,26.7,16.97,Whole Year,Orange
29.59,79.01,185.6,7.81,6.58,90.84,25.0,31.03,35.44,33.53,26.51,Whole Year,Banana
27.18,59.89,72.67,10.15,6.67,36.36,14.81,27.55,44.05,28.4,19.6,Kharif,Black Gram Dal(Urd Dal)
25.22,59.14,65.33,11.2,7.43,57.13,16.59,26.85,45.1,28.05,16.91,Whole Year,Grapes
24.08,64.76,125.71,9.44,6.64,65.26,13.19,26.85,47.57,25.58,16.25,Whole Year,Orange
29.14,53.81,104.05,9.19,6.32,70.8,20.55,28.66,47.27,24.07,20.12,Whole Year,Mango
29.82,60.07,94.55,9.19,7.13,79.12,23.22,31.21,42.93,25.86,22.41,Whole Year,Pomegranate
24.4,62.3,121.27,8.29,6.62,63.85,8.94,32.28,43.41,24.31,16.61,Kharif,Maize
29.24,74.03,197.2,11.24,6.7,81.7,25.0,34.51,31.59,33.9,23.75,Kharif,Rice
31.8,52.85,43.74,10.39,6.44,76.74,16.93,14.76,63.24,22.0,11.3,Whole Year,Karbuja(Musk Melon)
30.73,62.19,167.99,9.54,7.04,64.7,12.25,37.27,31.1,31.63,28.64,Kharif,Cotton
26.02,77.61,170.11,9.36,6.74,68.84,20.11,31.72,30.26,38.02,25.85,Kharif,Rice
29.26,67.33,131.28,9.76,6.58,75.21,21.23,28.83,49.2,21.97,16.28,Whole Year,Papaya
25.93,53.11,74.64,9.95,6.51,45.71,15.96,26.53,47.63,25.84,16.35,Whole Year,Grapes
28.33,48.82,62.03,11.46,6.65,60.03,11.58,20.15,57.53,22.32,13.99,Whole Year,Karbuja(Musk Melon)
32.52,47.17,63.2,10.34,6.59,70.07,9.56,16.77,64.05,19.18,11.83,Whole Year,Water Melon
30.04,46.09,37.51,9.82,6.7,65.04,12.84,19.97,63.94,16.09,15.52,Whole Year,Karbuja(Musk Melon)
25.7,61.74,111.07,10.49,6.62,71.14,25.0,29.51,46.07,24.42,18.77,Whole Year,Orange
27.24,66.16,139.75,7.7,6.95,93.06,25.0,29.15,47.6,23.25,18.19,Whole Year,Papaya
30.97,64.76,76.62,10.39,7.0,30.15,14.66,28.34,42.59,29.07,19.15,Kharif,Black Gram Dal(Urd Dal)
29.79,73.94,153.03,6.18,6.87,77.44,21.93,28.91,48.02,23.07,16.08,Whole Year,Papaya
25.63,70.6,89.24,8.21,6.47,38.95,11.97,28.27,44.23,27.5,15.61,Kharif,Black Gram Dal(Urd Dal)
28.26,56.6,110.11,10.36,7.04,74.79,25.0,37.01,40.98,22.01,18.43,Kharif,Maize
27.81,75.54,174.51,12.0,6.73,78.33,23.19,31.85,38.43,29.72,21.98,Kharif,Rice
29.53,59.76,104.55,9.01,6.54,81.79,17.3,38.12,35.1,26.78,19.97,Kharif,Maize
26.39,51.12,158.28,10.0,6.95,56.11,14.85,42.3,30.02,27.68,35.82,Kharif,Cotton
21.49,61.39,109.35,5.6,6.03,39.63,18.89,27.02,49.14,23.84,14.56,Rabi,Beans
29.16,54.02,71.31,11.28,6.64,32.93,12.86,30.5,40.11,29.39,16.9,Kharif,Black Gram Dal(Urd Dal)
29.57,55.94,59.47,13.59,6.38,77.82,11.73,18.64,62.2,19.16,16.81,Whole Year,Water Melon
28.54,58.82,137.04,11.21,7.19,53.95,17.19,38.35,30.35,31.3,31.39,Kharif,Cotton
27.14,66.12,77.51,7.0,6.79,40.86,13.45,31.2,41.5,27.3,21.24,Kharif,Black Gram Dal(Urd Dal)
32.14,47.35,59.82,10.72,6.76,81.83,14.05,18.36,61.94,19.7,15.48,Whole Year,Karbuja(Musk Melon)
26.86,54.62,86.49,10.01,7.22,70.23,25.0,28.82,44.23,26.95,22.0,Whole Year,Pomegranate
25.65,57.37,84.98,10.31,6.96,41.05,12.18,30.15,43.94,25.91,17.31,Kharif,Black Gram Dal(Urd Dal)
29.33,62.4,172.49,8.12,7.25,58.7,15.39,36.93,30.12,32.95,33.5,Kharif,Cotton
25.8,61.8,104.52,8.56,7.04,76.62,17.56,39.15,37.13,23.72,21.93,Kharif,Maize
26.17,60.64,117.66,10.94,6.9,80.71,23.62,27.27,47.31,25.42,21.01,Whole Year,Orange
28.26,49.37,124.22,9.41,7.0,71.21,23.84,31.45,45.06,23.49,14.3,Whole Year,Mango
30.5,50.22,56.66,11.24,6.68,64.71,15.19,18.55,63.71,17.74,14.04,Whole Year,Karbuja(Musk Melon)
23.29,65.59,137.24,9.29,6.64,77.29,17.81,25.2,43.67,31.13,17.67,Whole Year,Orange
31.9,47.42,62.13,11.43,6.96,72.31,17.39,18.02,63.66,18.32,18.42,Whole Year,Water Melon
21.39,59.16,106.37,6.95,6.07,44.33,16.57,26.72,42.99,30.29,17.82,Rabi,Beans
21.77,56.82,82.36,9.13,6.25,66.05,17.28,26.17,47.41,26.42,18.49,Whole Year,Orange
26.08,60.45,115.32,9.96,6.76,70.81,15.01,28.32,45.04,26.64,18.25,Whole Year,Mango
29.61,63.16,157.68,8.31,7.25,61.54,14.7,39.28,26.82,33.9,30.28,Kharif,Cotton
29.47,70.89,63.48,7.81,6.9,36.26,15.11,28.83,47.09,24.08,19.45,Kharif,Black Gram Dal(Urd Dal)
30.04,77.14,174.06,8.9,6.79,83.91,25.0,28.83,38.32,32.85,26.39,Whole Year,Banana
28.06,59.53,113.31,8.75,6.33,59.77,14.6,28.66,46.86,24.48,15.71,Whole Year,Mango
33.56,49.48,68.27,9.49,6.82,73.89,19.78,19.59,60.23,20.18,16.12,Whole Year,Water Melon
29.91,58.14,109.66,8.83,6.11,58.72,19.09,28.8,47.76,23.44,22.29,Whole Year,Mango
31.1,49.35,44.85,9.34,6.53,85.14,18.79,17.97,65.61,16.42,11.66,Whole Year,Water Melon
28.04,76.08,186.33,11.15,6.66,84.92,18.75,29.3,35.53,35.17,21.72,Kharif,Rice
21.05,64.35,80.0,9.67,6.16,42.52,16.67,27.96,47.01,25.03,16.4,Rabi,Beans
31.9,49.77,47.59,9.89,6.72,69.07,10.26,17.17,62.32,20.51,13.9,Whole Year,Water Melon
26.94,73.17,159.47,9.46,6.69,91.38,25.0,28.89,37.33,33.78,25.19,Kharif,Rice
22.49,60.75,111.6,8.93,6.87,77.38,15.51,28.71,46.3,24.99,16.67,Whole Year,Orange
31.31,57.16,92.1,9.2,6.37,71.13,20.45,26.43,47.7,25.87,21.76,Whole Year,Mango
27.63,70.39,123.9,11.75,6.65,79.21,19.88,27.72,47.21,25.07,21.5,Whole Year,Papaya
28.19,74.65,188.23,9.71,6.92,69.67,25.0,31.1,36.41,32.49,23.97,Whole Year,Banana
29.65,55.28,60.47,13.06,6.6,54.63,12.37,22.58,53.56,23.86,18.2,Whole Year,Grapes
22.76,65.97,88.04,7.18,6.44,35.2,15.38,27.29,41.89,30.82,18.58,Rabi,Beans
27.44,80.65,152.27,8.99,6.32,82.61,19.63,29.33,34.69,35.98,23.22,Kharif,Rice
28.63,80.81,140.24,7.86,6.63,84.3,21.18,27.14,47.58,25.28,23.28,Whole Year,Papaya
29.23,69.7,192.09,8.55,6.63,75.23,25.0,31.04,33.35,35.61,25.65,Whole Year,Banana
21.2,57.65,92.83,8.36,6.25,41.12,11.06,28.12,42.56,29.32,15.29,Rabi,Beans
28.43,54.04,50.73,10.17,6.76,57.64,14.26,23.35,54.05,22.6,18.84,Whole Year,Grapes
27.18,54.6,86.58,11.16,7.15,70.96,25.0,32.93,38.55,28.52,24.05,Whole Year,Pomegranate
25.8,54.49,77.22,11.13,6.88,64.95,18.41,21.43,51.64,26.93,14.14,Whole Year,Grapes
28.84,64.06,116.68,8.65,7.14,68.85,17.57,31.86,43.01,25.13,24.58,Kharif,Maize
31.06,47.73,50.59,12.96,6.49,87.47,16.67,12.16,63.23,24.61,17.69,Whole Year,Water Melon
29.15,77.65,169.12,6.48,6.68,71.9,25.0,26.35,36.19,37.46,24.65,Whole Year,Banana
27.17,46.72,49.94,11.01,6.78,58.58,13.33,16.82,62.41,20.77,11.77,Whole Year,Karbuja(Musk Melon)
30.18,55.53,108.81,7.18,6.45,63.3,14.52,31.28,45.68,23.04,20.41,Whole Year,Mango
26.58,82.41,180.73,6.95,6.82,92.25,25.0,29.44,39.63,30.93,26.83,Whole Year,Banana
31.49,75.6,209.03,6.99,6.69,88.15,21.26,28.96,38.38,32.66,25.86,Whole Year,Banana
23.27,56.16,104.51,9.2,6.19,40.23,16.18,23.43,47.48,29.09,20.76,Rabi,Beans
28.97,64.73,139.32,10.1,6.61,67.51,18.64,27.69,43.67,28.64,19.52,Kharif,Maize
33.33,47.51,52.55,11.05,6.79,67.37,15.1,16.12,65.45,18.43,15.36,Whole Year,Water Melon
24.33,77.62,159.11,10.54,6.49,93.04,17.78,26.64,39.2,34.16,23.39,Kharif,Rice
21.62,68.15,117.7,9.52,6.84,65.86,13.32,23.52,50.29,26.19,17.19,Whole Year,Orange
27.84,47.43,52.62,10.17,6.81,75.92,15.73,19.17,58.86,21.97,12.47,Whole Year,Karbuja(Musk Melon)
26.59,56.52,88.11,8.25,7.16,68.63,21.23,30.26,41.93,27.81,22.0,Whole Year,Pomegranate
25.96,65.15,155.54,5.72,7.03,84.3,23.93,26.94,35.56,37.5,22.6,Whole Year,Banana
22.77,53.9,63.46,10.34,6.79,63.03,21.47,30.89,47.78,21.33,20.02,Whole Year,Grapes
33.0,56.67,124.47,8.91,6.53,77.47,21.39,32.9,45.28,21.82,22.79,Whole Year,Mango
19.69,61.88,98.06,7.97,6.38,40.05,14.22,27.22,45.88,26.9,18.76,Rabi,Beans
21.21,59.25,97.95,8.17,6.13,39.23,18.7,24.59,41.72,33.69,18.13,Rabi,Beans
30.79,54.09,94.2,10.27,6.49,71.9,18.78,25.15,49.17,25.68,16.52,Whole Year,Mango
25.3,78.54,176.11,7.02,6.65,94.59,25.0,29.63,33.55,36.82,29.9,Kharif,Rice
25.07,53.75,77.46,11.03,7.1,62.14,13.43,25.98,52.38,21.64,15.04,Whole Year,Grapes
30.66,56.85,105.71,11.23,6.3,60.24,14.87,27.61,48.39,24.0,22.28,Whole Year,Mango
22.71,65.49,102.12,7.51,6.11,39.25,8.31,27.71,43.03,29.26,20.95,Rabi,Beans
27.42,65.64,123.92,10.73,7.24,64.51,14.09,37.27,29.79,32.94,35.36,Kharif,Cotton
31.75,53.38,105.25,10.16,6.69,64.17,25.0,27.46,41.83,30.71,22.13,Whole Year,Mango
29.82,55.57,92.24,6.6,6.81,64.57,18.78,31.36,47.27,21.37,19.04,Whole Year,Mango
28.43,69.57,157.39,9.88,6.58,78.32,20.77,33.16,44.23,22.61,22.48,Whole Year,Papaya
29.58,52.04,53.02,10.37,7.08,77.2,15.53,23.34,58.84,17.82,13.54,Whole Year,Water Melon
22.65,62.97,98.62,9.47,6.04,37.49,17.68,23.78,46.21,30.01,18.67,Rabi,Beans
27.09,74.6,146.75,8.1,6.65,92.92,25.0,26.98,38.76,34.26,22.62,Whole Year,Banana
26.44,60.63,112.32,9.96,6.96,53.57,20.74,35.37,38.77,25.86,21.0,Kharif,Maize
27.91,72.71,187.54,6.74,6.34,79.62,24.64,28.77,34.5,36.73,23.41,Kharif,Rice
28.86,79.17,174.69,12.1,6.93,84.65,25.0,30.67,35.22,34.11,25.79,Whole Year,Banana
25.69,60.85,118.21,7.14,6.72,70.93,16.01,40.27,29.86,29.87,30.59,Kharif,Cotton
28.59,52.77,51.67,11.79,6.14,73.2,13.34,19.55,56.99,23.46,13.25,Whole Year,Karbuja(Musk Melon)
25.98,75.45,159.01,8.07,6.43,95.46,25.0,27.65,38.77,33.58,25.49,Whole Year,Banana
30.42,76.57,159.03,8.57,6.91,81.67,23.11,28.9,45.39,25.71,14.24,Whole Year,Papaya
28.7,47.4,59.68,11.05,6.83,89.36,16.63,17.53,60.1,22.37,9.4,Whole Year,Water Melon
28.57,60.67,131.85,9.98,6.84,72.62,23.56,35.12,41.8,23.08,21.99,Kharif,Maize
25.89,61.01,102.42,9.66,6.92,72.49,25.0,28.99,41.53,29.48,17.09,Whole Year,Pomegranate
25.04,58.12,61.88,11.21,6.83,62.93,11.78,29.94,48.74,21.32,17.54,Whole Year,Grapes
27.95,46.51,42.85,11.77,6.44,71.32,12.86,21.23,58.32,20.45,12.58,Whole Year,Karbuja(Musk Melon)
23.14,65.07,108.17,8.96,6.41,71.38,19.83,29.32,43.54,27.14,17.12,Whole Year,Orange
31.23,58.05,105.52,9.74,6.37,67.3,18.04,28.2,47.54,24.26,19.93,Whole Year,Mango
25.11,63.99,141.38,7.73,7.0,56.21,12.72,35.67,32.06,32.27,38.11,Kharif,Cotton
30.52,49.22,55.25,11.76,6.82,82.43,9.91,20.03,59.8,20.17,11.08,Whole Year,Water Melon
26.63,78.29,186.54,6.87,6.6,83.43,25.0,30.5,34.03,35.47,26.58,Whole Year,Banana
30.08,60.16,81.35,9.45,7.08,33.55,17.53,29.26,42.91,27.83,19.28,Kharif,Black Gram Dal(Urd Dal)
26.55,63.55,88.07,6.03,6.56,69.38,19.59,25.03,48.63,26.34,17.19,Whole Year,Orange
31.67,59.49,92.49,8.45,7.01,67.19,25.0,29.92,43.43,26.65,19.12,Whole Year,Pomegranate
27.54,64.13,58.16,11.55,6.68,31.79,15.12,31.63,36.48,31.89,18.31,Kharif,Black Gram Dal(Urd Dal)
26.5,60.24,65.9,8.31,6.81,36.45,16.28,25.94,45.88,28.18,17.94,Kharif,Black Gram Dal(Urd Dal)
32.13,52.25,117.83,6.72,6.68,56.5,13.29,26.97,45.4,27.63,25.08,Whole Year,Mango
29.18,44.52,46.18,11.12,6.43,53.92,13.0,19.36,61.53,19.11,14.84,Whole Year,Karbuja(Musk Melon)
26.76,61.12,144.07,9.82,7.3,65.04,12.37,34.14,30.45,35.41,33.74,Kharif,Cotton
31.69,60.09,64.91,11.65,6.82,67.72,25.0,33.77,34.84,31.39,22.85,Whole Year,Pomegranate
30.06,46.17,54.47,11.69,6.71,74.27,15.75,23.1,60.56,16.34,11.07,Whole Year,Water Melon
31.7,50.73,60.66,13.74,6.56,69.77,14.57,18.05,63.99,17.96,13.04,Whole Year,Water Melon
32.39,59.43,70.7,10.93,6.92,71.97,25.0,31.45,40.49,28.06,25.83,Whole Year,Pomegranate
26.45,58.4,106.67,8.74,6.35,65.73,16.16,30.78,45.59,23.63,21.01,Whole Year,Mango
19.85,62.31,87.62,6.74,6.4,42.52,11.72,26.92,45.65,27.43,18.03,Rabi,Beans
25.87,74.06,192.69,10.22,6.62,79.44,20.66,32.71,32.84,34.45,24.59,Kharif,Rice
21.9,59.21,125.75,10.46,6.78,75.85,15.63,34.56,40.24,25.2,20.9,Kharif,Maize
31.19,50.44,51.89,9.73,6.65,67.19,18.54,18.96,59.6,21.44,19.21,Whole Year,Water Melon
26.93,77.81,206.33,8.28,6.88,78.76,23.24,28.67,36.86,34.47,26.41,Whole Year,Banana
32.78,42.57,70.28,9.07,6.86,68.05,15.78,22.48,57.44,20.08,16.29,Whole Year,Karbuja(Musk Melon)
23.94,52.26,70.48,11.14,7.11,49.59,11.45,26.44,49.39,24.17,17.16,Whole Year,Grapes
16.8,54.55,63.59,8.33,6.27,43.02,15.8,24.44,49.4,26.16,17.16,Rabi,Beans
19.28,56.85,95.33,6.31,5.94,38.21,20.45,24.25,44.9,30.85,15.06,Rabi,Beans
30.88,44.65,49.12,11.87,6.85,81.11,16.1,15.35,58.89,25.76,13.24,Whole Year,Water Melon
28.2,61.83,150.91,8.32,6.95,54.24,16.39,38.16,28.81,33.03,32.12,Kharif,Cotton
28.73,55.13,85.34,11.67,7.17,84.11,25.0,31.55,42.75,25.7,21.24,Whole Year,Pomegranate
32.18,60.56,39.54,12.55,6.18,75.82,13.05,12.66,66.52,20.82,13.95,Whole Year,Water Melon
25.46,69.55,104.92,6.08,6.93,61.25,10.58,20.58,51.41,28.01,19.61,Whole Year,Orange
29.32,47.73,51.73,9.77,6.75,83.53,13.25,19.59,59.7,20.71,10.23,Whole Year,Karbuja(Musk Melon)
24.97,49.66,61.14,9.57,6.88,50.58,14.46,24.92,48.37,26.71,21.34,Whole Year,Grapes
26.6,68.19,153.67,10.57,6.97,85.44,18.68,29.66,35.97,34.37,19.95,Kharif,Rice
19.86,66.37,91.78,2.51,6.1,38.4,9.12,27.29,44.65,28.06,16.17,Rabi,Beans
25.8,66.84,107.76,7.04,6.97,65.72,18.13,33.24,44.5,22.26,19.31,Whole Year,Orange
27.68,78.5,178.9,8.69,6.91,81.49,19.16,26.75,35.07,38.18,24.79,Kharif,Rice
21.36,55.83,79.76,5.78,6.56,40.49,16.65,20.59,48.26,31.15,16.11,Rabi,Beans
28.78,50.29,51.73,11.31,6.66,80.63,13.55,18.12,60.91,20.97,13.64,Whole Year,Water Melon
25.57,53.5,91.72,7.89,6.24,69.91,18.64,30.15,46.84,23.01,17.86,Whole Year,Mango
27.53,56.67,79.12,9.93,7.01,74.83,22.72,28.52,41.64,29.84,20.81,Whole Year,Pomegranate
21.08,57.66,83.83,7.01,6.24,41.41,16.17,23.44,45.01,31.55,15.66,Rabi,Beans
25.78,61.56,135.25,10.91,7.2,69.14,16.66,37.25,32.26,30.49,33.44,Kharif,Cotton
31.59,40.64,35.07,11.14,6.21,63.5,14.07,21.64,59.41,18.95,15.34,Whole Year,Karbuja(Musk Melon)
18.11,66.41,102.03,6.8,6.14,49.29,13.54,25.48,47.47,27.05,16.97,Rabi,Beans
24.94,61.21,94.68,8.29,6.51,74.76,21.68,29.88,42.11,28.01,16.89,Whole Year,Orange
25.84,64.25,107.16,11.66,6.87,74.38,13.29,29.88,45.25,24.87,22.32,Whole Year,Orange
24.17,56.76,85.02,6.22,6.15,36.35,11.21,31.66,41.36,26.98,18.77,Rabi,Beans
21.96,62.14,95.79,5.8,6.08,44.03,15.05,30.9,45.4,23.7,15.71,Rabi,Beans
26.79,68.35,141.93,6.55,6.92,61.18,13.93,37.43,28.37,34.2,31.6,Kharif,Cotton
21.75,61.83,155.92,12.3,6.65,79.66,16.32,33.18,43.53,23.29,20.02,Kharif,Maize
18.36,65.94,102.35,9.07,6.51,35.79,16.65,24.68,46.51,28.81,16.38,Rabi,Beans
33.79,38.4,46.58,7.46,6.88,83.95,11.18,19.97,58.91,21.12,11.74,Whole Year,Karbuja(Musk Melon)
27.54,46.6,107.41,10.11,6.46,67.62,19.77,31.71,44.4,23.89,22.25,Whole Year,Mango
25.18,61.45,73.6,7.88,6.92,33.89,10.44,33.34,41.09,25.57,17.35,Kharif,Black Gram Dal(Urd Dal)
27.97,62.14,138.23,11.62,6.77,61.01,13.94,36.61,29.95,33.44,34.79,Kharif,Cotton
25.08,55.67,83.62,9.92,6.71,53.02,16.39,27.42,48.79,23.79,15.66,Whole Year,Grapes
15.18,62.17,104.9,8.92,6.16,44.98,13.95,29.05,41.46,29.49,13.82,Rabi,Beans
29.3,59.49,103.28,12.07,6.79,76.55,22.46,32.44,44.37,23.19,29.76,Whole Year,Pomegranate
30.28,49.18,63.68,10.98,6.83,68.31,14.12,16.86,63.33,19.81,18.96,Whole Year,Karbuja(Musk Melon)
23.88,50.73,61.52,9.11,6.94,63.4,20.78,26.58,49.8,23.62,17.25,Whole Year,Grapes
26.28,80.15,183.71,10.83,7.06,91.29,24.72,29.27,35.47,35.26,27.92,Whole Year,Banana
30.52,55.8,101.44,8.66,6.59,72.86,25.0,28.36,42.96,28.68,20.54,Whole Year,Mango
27.0,62.47,53.59,7.24,6.97,85.05,16.8,27.72,44.73,27.55,13.48,Whole Year,Orange
27.09,71.79,92.74,6.99,6.72,36.57,15.39,35.91,40.41,23.68,17.89,Kharif,Black Gram Dal(Urd Dal)
20.14,61.87,91.64,6.62,6.47,43.96,14.23,28.39,44.23,27.38,16.59,Rabi,Beans
23.15,60.56,58.7,9.17,6.79,37.02,12.95,34.23,37.91,27.86,18.51,Kharif,Black Gram Dal(Urd Dal)
27.93,62.57,113.46,7.4,6.63,87.78,18.65,34.38,40.89,24.73,23.72,Kharif,Maize
33.38,59.71,54.04,9.55,6.23,57.01,12.77,20.88,58.58,20.54,15.61,Whole Year,Karbuja(Musk Melon)
25.68,55.03,66.38,9.55,6.63,52.99,19.5,23.04,52.35,24.61,18.88,Whole Year,Grapes
27.03,63.72,119.66,8.96,6.69,69.08,20.44,26.67,43.63,29.7,17.51,Whole Year,Orange
29.82,51.73,50.16,8.83,7.35,83.32,25.0,32.29,43.24,24.47,23.2,Whole Year,Pomegranate
26.55,58.77,153.37,8.71,6.98,69.38,11.85,40.38,25.7,33.92,35.56,Kharif,Cotton
27.25,81.9,179.37,10.82,6.46,84.78,25.0,30.83,33.8,35.37,25.51,Whole Year,Banana
29.51,70.48,137.63,10.37,6.9,51.9,11.46,36.11,31.2,32.69,35.49,Kharif,Cotton
26.54,55.91,100.89,10.44,6.8,75.76,18.55,32.35,41.94,25.71,16.75,Kharif,Maize
27.12,64.78,86.31,7.95,6.64,38.36,15.6,28.48,42.83,28.69,14.54,Kharif,Black Gram Dal(Urd Dal)
29.63,51.75,48.22,8.46,6.8,73.09,10.69,20.13,58.66,21.21,16.85,Whole Year,Water Melon
28.5,60.6,73.39,9.79,6.7,38.13,14.54,31.82,43.94,24.24,17.33,Kharif,Black Gram Dal(Urd Dal)
33.92,47.97,62.71,10.89,6.59,66.52,14.4,20.64,60.94,18.42,13.23,Whole Year,Water Melon
28.43,57.86,83.24,9.44,7.17,82.66,25.0,26.12,45.39,28.49,21.28,Whole Year,Pomegranate
33.44,51.77,65.58,11.18,6.77,77.89,11.75,17.79,60.78,21.43,14.77,Whole Year,Water Melon
27.65,59.27,76.94,9.04,6.9,28.04,15.53,30.86,44.18,24.96,17.1,Kharif,Black Gram Dal(Urd Dal)
26.59,63.18,117.2,9.84,6.45,81.51,15.74,30.67,43.95,25.38,21.5,Kharif,Maize
29.1,55.16,111.74,10.85,6.35,62.49,19.22,27.17,44.97,27.86,21.75,Whole Year,Mango
25.93,73.41,164.17,9.29,6.74,68.66,18.43,22.78,54.99,22.23,22.06,Whole Year,Papaya
28.73,57.37,163.27,11.6,7.17,44.42,14.3,38.66,28.11,33.23,36.17,Kharif,Cotton
29.55,66.51,166.19,9.26,6.87,82.94,14.68,21.74,52.22,26.04,14.15,Whole Year,Papaya
31.71,49.49,63.46,8.02,6.47,74.98,8.7,19.5,61.5,19.0,10.6,Whole Year,Karbuja(Musk Melon)
26.09,60.06,135.88,9.64,7.15,59.67,15.57,38.02,29.15,32.83,34.2,Kharif,Cotton
29.4,47.55,63.21,9.78,6.44,71.06,14.53,16.39,61.74,21.87,11.05,Whole Year,Karbuja(Musk Melon)
25.96,55.29,90.24,8.0,6.55,63.2,16.81,30.34,42.87,26.79,17.46,Whole Year,Orange
29.08,58.79,90.38,11.25,7.2,75.58,19.67,26.78,48.07,25.15,16.96,Whole Year,Pomegranate
25.62,59.19,74.81,9.21,7.06,35.18,18.29,28.53,44.47,27.0,17.08,Kharif,Black Gram Dal(Urd Dal)
29.62,44.2,59.85,10.7,6.82,67.59,8.56,19.65,62.43,17.92,11.19,Whole Year,Water Melon
30.48,61.9,77.19,7.92,6.77,43.97,8.1,26.0,47.31,26.69,17.39,Kharif,Black Gram Dal(Urd Dal)
25.27,57.95,121.51,10.38,7.21,74.16,14.08,31.73,41.39,26.88,22.94,Kharif,Maize
28.63,46.92,44.98,12.57,6.74,72.48,17.62,19.12,61.39,19.49,15.21,Whole Year,Water Melon
29.52,78.51,183.84,9.94,6.75,97.81,25.0,30.73,33.45,35.82,26.99,Whole Year,Banana
22.35,56.33,84.97,7.23,6.02,42.67,13.56,23.64,43.03,33.33,18.05,Rabi,Beans
28.79,76.6,178.72,11.12,6.37,89.53,25.0,31.32,30.86,37.82,26.83,Kharif,Rice
30.83,50.75,41.12,12.09,6.47,55.3,16.26,17.89,59.61,22.5,9.6,Whole Year,Karbuja(Musk Melon)
29.16,62.12,116.88,8.46,6.7,69.49,21.12,32.2,43.45,24.35,19.12,Whole Year,Mango
23.03,46.49,68.67,10.95,6.89,54.8,21.2,26.45,51.42,22.13,18.22,Whole Year,Grapes
22.3,57.12,108.54,10.5,6.67,75.95,19.59,32.16,41.05,26.79,16.2,Whole Year,Orange
20.59,61.08,69.88,7.25,6.03,44.92,19.85,28.23,48.08,23.69,17.4,Rabi,Beans
28.79,79.89,205.59,10.45,6.6,77.96,25.0,32.11,35.06,32.83,26.76,Whole Year,Banana
30.21,56.07,77.58,9.36,6.73,40.58,9.04,31.9,45.32,22.78,19.2,Kharif,Black Gram Dal(Urd Dal)
29.29,58.58,109.74,10.66,6.96,66.91,25.0,31.08,42.7,26.22,20.61,Whole Year,Pomegranate
32.24,51.41,46.95,12.47,6.55,71.92,13.53,19.84,59.91,20.25,13.83,Whole Year,Karbuja(Musk Melon)
22.14,56.06,70.62,11.64,6.65,53.76,21.45,23.92,50.65,25.43,16.91,Whole Year,Grapes
26.58,61.84,126.52,9.69,6.81,84.62,14.09,31.27,44.53,24.2,22.45,Kharif,Maize
27.31,63.49,67.21,7.69,6.88,31.81,16.14,31.67,41.8,26.53,17.51,Kharif,Black Gram Dal(Urd Dal)
25.36,77.29,180.92,8.21,6.71,89.85,18.08,29.76,35.42,34.82,26.2,Kharif,Rice
26.63,53.72,73.17,13.91,6.98,51.78,17.05,28.49,46.63,24.88,18.56,Whole Year,Grapes
30.63,57.79,104.81,8.56,6.87,88.41,25.0,32.55,41.23,26.22,22.75,Whole Year,Pomegranate
28.53,65.61,163.7,9.29,6.93,63.52,12.33,36.21,27.99,35.8,33.88,Kharif,Cotton
22.0,64.47,101.61,5.02,6.06,43.17,12.12,25.83,42.62,31.55,16.94,Rabi,Beans
30.05,59.47,76.48,10.33,6.39,42.29,11.33,33.05,41.75,25.2,18.61,Kharif,Black Gram Dal(Urd Dal)
25.9,60.57,88.51,8.25,6.63,69.57,11.5,35.57,45.28,19.15,20.46,Kharif,Maize
29.18,75.96,158.96,8.49,6.77,94.39,25.0,31.12,36.15,32.73,28.99,Whole Year,Banana
26.13,57.5,139.72,7.56,7.37,58.62,11.41,39.18,26.54,34.28,31.99,Kharif,Cotton
26.66,57.78,118.27,11.18,6.91,87.69,19.8,37.04,39.23,23.73,22.3,Kharif,Maize
20.64,67.28,92.54,12.72,6.65,78.59,19.82,29.37,45.94,24.69,19.24,Whole Year,Orange
25.77,61.49,158.12,9.4,7.3,74.99,18.25,37.09,31.29,31.62,33.39,Kharif,Cotton
28.25,78.43,189.75,8.83,6.85,84.49,25.0,27.12,36.64,36.24,25.79,Whole Year,Banana
28.77,72.61,137.57,9.98,6.9,90.86,18.67,26.61,52.81,20.58,24.64,Whole Year,Papaya
25.95,77.49,198.9,9.34,6.81,95.6,25.0,27.58,35.02,37.4,23.03,Whole Year,Banana
30.71,56.78,125.77,7.6,6.46,68.69,13.76,28.25,44.49,27.26,18.11,Whole Year,Mango
22.44,62.68,101.66,10.16,6.22,45.12,16.99,25.8,45.09,29.11,17.41,Rabi,Beans
23.5,50.25,43.35,9.76,7.12,52.7,16.54,25.97,49.4,24.63,17.02,Whole Year,Grapes
27.26,63.05,115.12,8.57,6.85,81.93,22.88,30.05,42.29,27.66,18.3,Whole Year,Papaya
28.32,53.97,99.15,9.05,7.3,76.77,25.0,35.8,37.74,26.46,21.74,Whole Year,Pomegranate
24.06,78.61,194.17,7.81,6.64,76.49,25.0,32.58,31.91,35.51,20.65,Kharif,Rice
28.46,54.51,67.45,10.37,7.34,70.43,25.0,30.9,43.53,25.57,19.2,Whole Year,Pomegranate
27.75,56.49,79.67,9.6,7.3,61.82,25.0,25.82,46.96,27.22,28.5,Whole Year,Pomegranate
29.67,59.83,115.42,11.08,6.79,73.56,22.97,32.62,44.58,22.8,23.08,Kharif,Maize
31.05,71.03,120.01,7.12,6.97,77.42,16.36,28.47,48.82,22.71,22.7,Whole Year,Papaya
26.46,62.53,99.16,9.18,7.02,62.39,13.83,35.28,41.28,23.44,17.49,Kharif,Maize
26.91,55.44,75.79,11.96,6.68,55.52,14.19,24.63,50.16,25.21,14.26,Whole Year,Grapes
23.31,67.06,96.9,9.31,6.56,75.65,12.51,28.13,46.9,24.97,17.22,Whole Year,Orange
26.28,66.88,140.47,5.82,7.13,62.18,8.79,38.42,30.41,31.17,29.22,Kharif,Cotton
32.93,52.7,110.11,9.13,6.53,67.82,24.53,33.1,47.07,19.83,19.75,Whole Year,Mango
25.03,60.58,130.99,12.77,6.59,77.35,22.71,34.65,37.76,27.59,20.85,Kharif,Maize
31.78,54.59,103.91,8.1,6.33,60.28,24.36,28.87,45.47,25.66,20.74,Whole Year,Mango
30.44,54.7,44.76,12.14,6.76,78.72,18.47,18.67,61.56,19.77,11.97,Whole Year,Water Melon
23.26,71.6,97.41,11.68,6.6,57.06,15.61,27.14,47.44,25.42,16.61,Whole Year,Orange
31.12,50.48,67.57,13.44,6.89,71.44,17.31,21.29,58.11,20.6,15.26,Whole Year,Water Melon
30.16,57.14,60.56,12.11,6.67,62.4,12.43,19.73,60.22,20.05,13.33,Whole Year,Karbuja(Musk Melon)
28.34,57.31,44.17,11.75,6.92,67.45,15.18,21.11,58.76,20.13,14.44,Whole Year,Karbuja(Musk Melon)
25.49,59.97,61.7,9.35,6.82,45.27,10.38,28.34,50.02,21.64,17.55,Whole Year,Grapes
27.23,63.85,108.5,10.24,6.25,73.16,18.15,35.01,39.97,25.02,18.18,Kharif,Maize
29.15,72.25,159.92,7.8,6.93,86.74,24.3,29.36,35.07,35.57,23.57,Whole Year,Banana
24.18,64.95,153.93,11.27,7.02,52.54,16.14,40.24,26.5,33.26,34.29,Kharif,Cotton
28.12,71.55,140.93,8.77,6.64,76.65,25.0,21.36,49.62,29.02,16.59,Whole Year,Papaya
23.64,61.15,111.01,9.52,6.27,31.7,14.22,27.35,44.32,28.33,16.7,Rabi,Beans
25.95,61.57,88.71,7.71,6.78,71.0,14.66,29.91,38.79,31.3,19.83,Kharif,Maize
25.66,51.38,59.11,11.42,6.97,65.51,11.51,24.46,53.34,22.2,19.23,Whole Year,Grapes
28.23,76.47,167.69,10.41,6.61,73.68,20.41,27.85,34.53,37.62,27.11,Kharif,Rice
24.61,76.98,182.95,8.56,6.73,80.8,25.0,32.06,33.22,34.72,23.43,Kharif,Rice
28.01,62.48,85.72,8.64,6.58,42.57,11.21,26.86,43.75,29.39,19.82,Kharif,Black Gram Dal(Urd Dal)
23.19,64.99,101.16,9.18,7.04,80.86,19.23,22.08,50.21,27.71,15.97,Whole Year,Orange
29.84,64.08,162.78,6.32,6.63,97.9,23.64,28.06,48.08,23.86,20.26,Whole Year,Papaya
24.07,53.76,52.38,11.48,6.96,49.04,12.3,22.99,53.41,23.6,14.31,Whole Year,Grapes
28.51,57.94,68.08,9.97,7.0,29.44,9.45,33.7,40.49,25.81,17.53,Kharif,Black Gram Dal(Urd Dal)
27.25,78.24,166.01,8.12,6.5,89.4,22.28,29.0,37.07,33.93,22.64,Kharif,Rice
31.44,49.44,46.56,13.98,6.71,74.83,11.4,18.91,64.12,16.97,14.25,Whole Year,Karbuja(Musk Melon)
22.84,61.62,119.85,9.87,6.89,64.26,21.04,28.39,46.3,25.31,18.66,Whole Year,Orange
26.71,46.08,41.43,11.34,6.61,59.73,12.04,25.75,49.05,25.2,16.63,Whole Year,Grapes
27.63,72.71,135.98,5.91,6.79,73.16,20.65,27.99,46.97,25.04,19.97,Whole Year,Papaya
27.06,65.8,130.93,8.0,6.71,85.3,11.68,32.75,39.78,27.47,21.83,Kharif,Maize
34.34,46.28,40.17,10.8,6.72,66.17,11.66,18.57,59.77,21.66,11.11,Whole Year,Karbuja(Musk Melon)
32.61,50.16,44.88,10.39,6.73,74.24,12.83,22.53,61.15,16.32,11.76,Whole Year,Karbuja(Musk Melon)
27.05,59.82,121.97,11.08,7.34,60.73,15.33,38.89,29.07,32.04,33.46,Kharif,Cotton
27.19,79.8,185.16,7.08,6.49,76.59,25.0,27.83,39.42,32.75,29.79,Whole Year,Banana
25.16,68.27,88.2,8.97,6.44,74.79,12.17,23.89,46.83,29.28,18.28,Whole Year,Orange
34.66,43.07,74.91,10.0,6.75,87.87,14.01,18.32,61.93,19.75,15.38,Whole Year,Water Melon
23.64,68.51,79.38,9.09,6.97,24.04,13.91,30.26,42.7,27.04,16.53,Kharif,Black Gram Dal(Urd Dal)
32.45,51.99,64.08,9.68,6.55,90.95,13.81,18.79,63.82,17.39,13.46,Whole Year,Water Melon
26.19,59.95,104.72,8.44,7.02,80.45,12.55,28.85,43.42,27.73,21.6,Whole Year,Orange
24.43,58.04,103.93,9.12,6.92,72.22,15.94,30.03,42.69,27.28,17.22,Whole Year,Orange
19.95,59.82,98.48,7.82,6.33,33.62,15.93,29.67,41.44,28.89,20.13,Rabi,Beans
28.23,53.96,81.6,8.38,6.81,31.76,12.45,28.06,41.55,30.39,15.5,Kharif,Black Gram Dal(Urd Dal)
25.95,57.74,127.73,4.51,6.96,71.54,16.93,38.46,30.05,31.49,29.04,Kharif,Cotton
30.27,70.26,140.47,6.39,6.44,85.82,25.0,28.18,35.16,36.66,26.09,Kharif,Rice
28.73,62.21,153.02,9.34,7.15,59.27,13.72,40.54,28.35,31.11,33.27,Kharif,Cotton
27.03,61.0,121.47,6.58,6.77,73.58,19.61,31.64,44.24,24.12,25.46,Kharif,Maize
22.47,62.08,90.93,8.16,6.6,53.49,13.51,23.33,49.72,26.95,19.21,Rabi,Beans
31.31,49.13,95.3,10.15,6.32,70.59,12.8,28.97,47.07,23.96,21.83,Whole Year,Mango
28.92,49.81,41.69,12.06,6.4,61.97,14.1,19.89,58.74,21.37,13.97,Whole Year,Karbuja(Musk Melon)
30.05,50.73,57.27,13.93,6.78,69.19,7.86,17.51,63.19,19.3,15.99,Whole Year,Karbuja(Musk Melon)
32.57,47.7,43.72,12.95,6.59,59.33,12.11,21.0,60.13,18.87,14.96,Whole Year,Karbuja(Musk Melon)
21.09,55.98,96.51,6.54,6.24,39.92,12.19,22.49,48.97,28.54,16.99,Rabi,Beans
27.86,57.14,129.14,7.4,6.71,68.87,19.44,34.36,40.4,25.24,21.92,Kharif,Maize
26.0,66.08,157.5,7.94,7.16,54.47,15.1,38.8,29.34,31.86,31.76,Kharif,Cotton
32.46,47.12,72.26,13.24,6.88,76.36,15.28,18.66,61.88,19.46,12.15,Whole Year,Water Melon
27.09,60.34,144.27,8.38,7.37,64.56,10.04,39.93,26.82,33.25,36.14,Kharif,Cotton
31.58,64.87,133.19,8.67,6.37,89.18,18.02,21.91,50.23,27.86,18.06,Whole Year,Papaya
25.58,61.51,127.19,8.43,6.54,78.63,22.91,36.12,42.41,21.47,23.03,Kharif,Maize
26.72,55.6,116.93,7.97,6.79,62.51,15.6,32.48,40.68,26.84,18.69,Kharif,Maize
33.69,67.97,135.23,6.61,6.22,86.48,25.0,27.5,50.33,22.17,22.88,Whole Year,Papaya
28.73,57.55,118.46,7.2,6.57,77.35,16.28,30.89,46.21,22.9,17.14,Whole Year,Mango
32.36,38.46,43.29,8.88,6.48,89.05,16.57,17.13,64.17,18.7,10.92,Whole Year,Water Melon
21.93,59.6,95.81,8.76,6.31,36.25,16.03,21.83,46.62,31.55,15.44,Rabi,Beans
28.42,74.67,210.56,10.32,6.82,86.14,22.22,30.84,36.2,32.96,27.18,Whole Year,Banana
26.94,75.51,184.08,9.0,6.81,91.37,25.0,29.75,37.87,32.38,27.45,Whole Year,Banana
34.49,41.7,43.4,10.35,6.66,58.7,11.04,18.81,61.86,19.33,15.04,Whole Year,Karbuja(Musk Melon)
31.87,53.04,60.52,11.78,6.6,57.45,8.27,13.18,65.71,21.11,17.37,Whole Year,Karbuja(Musk Melon)
24.28,58.13,106.87,7.77,6.81,80.39,19.55,29.48,44.29,26.23,15.59,Whole Year,Orange
30.77,72.66,149.22,10.48,6.95,72.37,17.57,31.72,42.4,25.88,20.18,Whole Year,Papaya
26.57,71.05,178.05,10.23,6.81,98.61,25.0,28.37,36.71,34.92,17.26,Kharif,Rice
32.74,80.27,134.02,9.59,6.77,80.47,25.0,31.39,43.56,25.05,22.86,Whole Year,Papaya
30.14,85.26,205.91,8.31,6.5,86.18,19.25,30.14,34.8,35.06,23.15,Kharif,Rice
25.25,57.66,46.38,10.16,6.59,50.1,17.2,29.67,47.08,23.25,19.65,Whole Year,Grapes
26.63,61.86,78.51,8.09,7.17,72.99,24.38,34.65,40.59,24.76,22.74,Whole Year,Pomegranate
28.16,57.51,65.07,9.13,7.02,80.01,25.0,29.35,42.2,28.45,20.03,Whole Year,Pomegranate
29.97,50.74,52.02,11.26,6.55,73.55,14.86,13.49,63.95,22.56,15.94,Whole Year,Water Melon
30.56,69.72,131.37,9.12,6.93,77.26,16.0,26.22,46.9,26.88,16.13,Whole Year,Papaya
27.3,75.59,159.16,9.84,6.58,85.35,23.41,30.29,35.13,34.58,24.33,Whole Year,Banana
30.44,40.42,31.08,11.19,6.67,71.05,11.74,16.51,62.13,21.36,15.51,Whole Year,Karbuja(Musk Melon)
25.69,53.11,115.39,8.83,6.43,75.64,18.89,28.42,44.31,27.27,22.77,Whole Year,Mango
30.81,59.18,74.5,9.33,6.99,29.08,13.64,29.06,43.46,27.48,14.56,Kharif,Black Gram Dal(Urd Dal)
24.94,58.1,64.98,8.94,6.85,75.46,23.63,30.71,39.22,30.07,23.55,Whole Year,Pomegranate
24.4,65.34,103.79,10.75,6.6,72.74,23.47,27.81,45.72,26.47,16.79,Whole Year,Orange
28.32,55.93,102.84,7.38,6.45,77.63,18.53,30.46,43.3,26.24,24.55,Whole Year,Mango
27.54,55.74,90.53,8.15,6.43,70.16,20.6,25.78,46.65,27.57,21.13,Whole Year,Mango
27.51,60.02,89.23,10.54,6.96,68.77,25.0,31.26,40.33,28.41,22.22,Whole Year,Pomegranate
33.5,55.47,46.42,9.13,6.36,65.57,14.65,21.54,57.28,21.18,15.45,Whole Year,Karbuja(Musk Melon)
26.52,80.43,170.12,8.32,6.94,92.47,25.0,28.73,34.85,36.42,24.61,Whole Year,Banana
27.96,63.89,118.51,8.56,7.2,73.56,25.0,28.39,46.96,24.65,22.29,Whole Year,Papaya
26.62,73.06,186.81,8.38,6.96,96.42,22.58,31.52,31.0,37.48,28.8,Whole Year,Banana
23.84,64.43,106.93,8.22,6.47,72.4,21.95,25.56,45.04,29.4,16.18,Whole Year,Orange
27.09,68.53,201.33,10.21,6.88,77.41,25.0,32.5,30.95,36.55,23.69,Kharif,Rice
27.55,64.15,87.01,10.38,7.01,78.14,25.0,26.86,40.32,32.82,19.71,Whole Year,Pomegranate
29.71,68.5,145.36,11.67,6.87,91.27,25.0,28.76,50.69,20.55,20.48,Whole Year,Papaya
28.37,53.04,82.51,12.37,6.91,72.74,21.53,32.15,40.46,27.39,22.81,Whole Year,Pomegranate
30.53,51.31,49.26,11.09,6.92,76.47,11.79,14.95,64.39,20.66,15.35,Whole Year,Water Melon
24.03,62.32,90.44,6.08,6.36,39.35,16.95,28.04,44.15,27.81,15.71,Rabi,Beans
27.77,57.82,120.22,10.64,6.36,76.93,23.45,34.18,40.79,25.03,22.1,Kharif,Maize
24.75,58.7,90.51,9.21,6.54,70.3,18.27,30.35,45.32,24.33,19.53,Whole Year,Orange
21.34,59.47,112.2,5.59,6.32,41.62,14.37,28.45,43.64,27.91,18.49,Rabi,Beans
28.61,52.48,168.6,10.17,7.03,59.95,10.86,38.68,27.49,33.83,33.12,Kharif,Cotton
28.28,66.97,48.79,8.24,7.35,65.67,25.0,28.33,42.53,29.14,24.15,Whole Year,Pomegranate
31.16,59.89,64.48,9.15,6.72,36.56,11.88,31.48,42.13,26.39,19.05,Kharif,Black Gram Dal(Urd Dal)
20.26,56.87,99.08,6.08,6.57,35.21,14.98,23.11,47.26,29.63,18.72,Rabi,Beans
29.13,60.19,111.16,8.87,6.96,71.91,10.51,32.87,40.59,26.54,20.8,Kharif,Maize
28.97,55.06,84.28,11.13,6.89,62.94,25.0,32.72,36.85,30.43,21.62,Whole Year,Pomegranate
24.45,69.79,118.64,6.52,6.66,64.17,22.89,24.57,47.66,27.77,17.19,Whole Year,Orange
30.13,56.69,64.31,10.62,6.91,53.86,14.18,28.0,48.97,23.03,16.15,Whole Year,Grapes
26.91,53.83,132.66,8.82,6.61,74.34,14.82,34.31,37.72,27.97,18.79,Kharif,Maize
30.53,46.15,54.97,9.61,6.67,63.38,10.32,18.66,62.17,19.17,11.61,Whole Year,Water Melon
28.55,59.32,91.69,9.96,6.7,66.99,25.0,31.94,39.61,28.45,20.07,Whole Year,Mango
22.14,60.75,86.65,6.77,5.99,39.21,13.77,22.65,47.67,29.68,20.72,Rabi,Beans
25.94,74.27,178.97,11.24,6.57,82.6,25.0,27.58,32.6,39.82,26.27,Whole Year,Banana
29.36,59.98,119.92,11.65,6.71,66.82,18.48,32.96,42.93,24.11,18.4,Whole Year,Mango
23.09,62.42,128.5,8.31,6.84,77.06,18.56,34.39,43.36,22.25,19.44,Kharif,Maize
24.31,66.85,89.23,6.94,6.68,80.52,23.95,25.14,45.6,29.26,19.25,Whole Year,Orange
21.68,61.65,106.04,9.84,7.01,64.02,21.76,28.34,44.88,26.78,16.0,Whole Year,Orange
30.81,62.64,74.88,9.04,6.65,33.65,12.6,24.77,45.77,29.46,17.29,Kharif,Black Gram Dal(Urd Dal)
23.93,59.82,91.84,6.19,6.02,41.65,15.61,24.79,43.93,31.28,20.14,Rabi,Beans
25.49,63.43,137.25,6.27,7.08,64.4,14.45,37.11,31.24,31.65,31.32,Kharif,Cotton
27.17,62.52,79.64,6.93,6.88,35.9,10.29,30.15,41.28,28.57,19.52,Kharif,Black Gram Dal(Urd Dal)
27.52,59.89,96.27,8.04,6.76,69.41,24.69,33.23,42.64,24.13,22.54,Kharif,Maize
29.61,49.6,127.46,9.18,6.18,72.18,19.99,27.47,47.17,25.36,20.73,Whole Year,Mango
27.15,69.56,60.23,7.15,6.6,29.04,18.65,28.87,41.37,29.76,16.89,Kharif,Black Gram Dal(Urd Dal)
28.88,78.02,130.79,7.08,6.86,79.06,25.0,28.83,48.63,22.54,17.43,Whole Year,Papaya
23.88,63.68,116.05,10.48,6.52,78.93,15.04,25.99,51.8,22.21,18.25,Whole Year,Orange
26.46,58.09,118.78,7.29,6.52,69.74,17.34,34.01,41.54,24.45,17.7,Kharif,Maize
29.14,56.66,143.09,8.42,6.38,85.34,15.01,27.16,47.58,25.26,24.28,Whole Year,Mango
28.2,57.9,123.72,10.49,6.84,74.47,17.39,30.07,44.06,25.87,15.45,Kharif,Maize
21.98,54.54,89.77,9.65,6.63,72.76,15.88,25.21,46.27,28.52,15.4,Whole Year,Orange
28.64,49.36,54.9,9.46,6.68,45.35,10.32,19.83,60.66,19.51,12.46,Whole Year,Karbuja(Musk Melon)
24.21,55.58,63.76,9.73,7.03,55.39,22.59,24.89,50.02,25.09,19.07,Whole Year,Grapes
26.41,51.09,66.33,11.21,6.43,55.38,20.1,23.77,50.32,25.91,17.25,Whole Year,Grapes
30.06,60.56,118.03,9.28,6.54,61.52,16.14,28.71,44.39,26.9,21.94,Whole Year,Mango
25.88,58.97,83.38,8.2,7.12,33.05,11.81,32.97,39.85,27.18,17.73,Kharif,Black Gram Dal(Urd Dal)
18.31,57.94,70.82,6.47,6.32,46.36,15.04,22.65,46.31,31.04,17.92,Rabi,Beans
34.27,46.07,68.72,13.16,6.83,77.48,16.86,18.07,63.46,18.47,12.6,Whole Year,Water Melon
30.82,47.94,54.12,11.61,6.31,73.33,9.33,17.5,60.3,22.2,16.5,Whole Year,Karbuja(Musk Melon)
29.45,73.36,122.75,6.56,6.77,66.69,25.0,28.79,47.85,23.36,18.12,Whole Year,Papaya
29.66,60.61,76.84,8.73,6.92,36.05,10.5,28.91,44.98,26.11,19.94,Kharif,Black Gram Dal(Urd Dal)
27.57,55.48,86.79,8.28,6.34,40.41,11.2,24.64,43.48,31.88,19.32,Rabi,Beans
25.66,59.18,60.47,9.65,6.86,27.44,20.4,32.87,43.09,24.04,18.86,Kharif,Black Gram Dal(Urd Dal)
30.33,53.16,60.68,9.53,6.65,58.46,13.61,18.5,61.0,20.5,12.91,Whole Year,Water Melon
31.67,55.4,45.69,13.36,6.92,84.63,14.5,16.39,63.11,20.5,11.28,Whole Year,Karbuja(Musk Melon)
28.55,55.43,86.57,8.96,6.69,64.44,25.0,30.28,39.8,29.92,21.8,Whole Year,Pomegranate
27.03,70.77,154.27,8.29,7.0,101.31,25.0,30.94,33.63,35.43,24.13,Whole Year,Banana
29.36,64.09,107.28,10.59,6.88,77.67,15.4,33.6,43.6,22.8,25.35,Kharif,Maize
25.79,59.05,82.38,11.71,6.77,72.35,25.0,34.58,36.0,29.42,23.98,Whole Year,Pomegranate
28.89,76.02,160.48,8.01,6.95,78.03,25.0,29.92,44.37,25.71,18.41,Whole Year,Papaya
21.26,69.05,113.1,6.21,6.12,43.07,15.92,28.14,43.79,28.07,18.91,Rabi,Beans
23.97,76.75,154.3,9.61,6.4,70.29,21.79,31.78,34.08,34.14,21.73,Kharif,Rice
27.84,59.81,88.38,10.22,7.22,86.06,24.45,34.75,40.18,25.07,19.04,Whole Year,Pomegranate
26.33,54.76,106.79,11.91,6.61,60.22,25.0,36.63,40.31,23.06,24.12,Whole Year,Pomegranate
28.66,53.34,54.79,11.63,6.49,65.68,15.54,19.01,60.82,20.17,12.74,Whole Year,Karbuja(Musk Melon)
27.85,79.41,174.17,7.56,6.56,90.38,25.0,31.72,32.32,35.96,18.58,Kharif,Rice
30.32,79.85,129.37,13.8,6.95,78.62,17.84,25.95,47.66,26.39,18.9,Whole Year,Papaya
26.14,72.91,169.73,12.22,6.31,88.83,20.46,26.49,35.43,38.08,24.17,Kharif,Rice
21.51,58.61,117.29,5.49,6.33,41.38,15.06,26.51,44.75,28.74,18.26,Rabi,Beans
27.58,46.19,70.72,12.03,6.93,76.82,14.8,19.41,57.83,22.76,12.93,Whole Year,Water Melon
26.38,56.81,71.33,11.2,6.81,56.42,18.94,21.03,51.89,27.08,19.0,Whole Year,Grapes
22.41,59.94,78.39,8.18,6.26,36.55,12.56,24.68,43.23,32.09,19.05,Rabi,Beans
23.63,60.77,93.73,7.4,6.41,34.03,13.8,27.02,45.0,27.98,12.99,Rabi,Beans
21.29,59.75,109.75,9.19,6.65,64.28,14.56,34.1,38.07,27.83,23.99,Kharif,Maize
29.06,67.89,75.94,9.61,6.47,28.09,12.9,28.26,45.36,26.38,20.23,Kharif,Black Gram Dal(Urd Dal)
27.19,56.38,87.25,9.73,6.85,76.32,25.0,29.9,41.9,28.2,21.2,Whole Year,Pomegranate
27.33,82.88,200.32,7.93,6.69,91.69,23.21,29.04,36.06,34.9,21.83,Whole Year,Banana
28.68,72.69,168.69,10.55,6.69,79.4,24.73,27.15,37.52,35.33,24.39,Kharif,Rice
28.67,80.33,175.08,10.8,6.62,82.48,24.49,32.72,33.23,34.05,21.02,Kharif,Rice
26.34,60.48,75.16,8.95,7.01,69.98,25.0,29.48,41.58,28.94,26.9,Whole Year,Pomegranate
34.21,63.77,118.39,6.9,6.05,70.22,24.39,29.4,44.35,26.25,17.22,Whole Year,Mango
23.24,48.51,89.32,9.12,6.79,57.15,12.51,27.63,45.36,27.01,15.08,Whole Year,Grapes
28.24,50.08,55.11,11.16,6.91,75.47,14.73,19.35,61.39,19.26,12.17,Whole Year,Water Melon
28.6,80.13,182.56,7.84,6.84,84.09,25.0,33.61,31.0,35.39,22.24,Kharif,Rice
30.24,51.65,122.08,8.69,6.21,67.5,24.19,27.95,46.32,25.73,18.0,Whole Year,Mango
32.45,49.01,49.47,12.14,6.36,80.11,8.3,17.41,60.87,21.72,12.24,Whole Year,Karbuja(Musk Melon)
27.74,57.89,89.02,9.97,7.12,80.74,25.0,30.21,40.73,29.06,23.06,Whole Year,Pomegranate
18.34,56.33,87.48,7.75,6.21,38.41,14.99,29.82,42.7,27.48,16.63,Rabi,Beans
29.49,69.69,189.78,12.79,6.34,91.92,25.0,29.1,32.61,38.29,29.19,Whole Year,Banana
24.25,62.21,80.57,10.41,6.78,50.81,17.98,22.95,53.05,24.0,18.55,Whole Year,Grapes
19.83,58.97,92.56,9.5,6.66,38.58,14.28,24.44,48.54,27.02,16.01,Rabi,Beans
28.49,49.53,82.6,6.29,6.96,77.15,25.0,32.22,41.23,26.55,21.91,Whole Year,Pomegranate
29.79,45.2,55.53,11.54,6.81,90.01,17.23,22.08,57.12,20.8,14.1,Whole Year,Water Melon
30.34,63.97,68.47,7.0,6.77,36.03,13.04,30.45,44.54,25.01,19.94,Kharif,Black Gram Dal(Urd Dal)
29.14,56.41,61.07,10.81,7.55,72.45,25.0,35.53,37.36,27.11,21.41,Whole Year,Pomegranate
26.09,61.04,113.69,9.3,7.28,62.31,11.71,39.46,28.72,31.82,36.24,Kharif,Cotton
24.23,54.56,64.31,9.22,6.65,40.87,16.11,21.67,53.7,24.63,21.71,Whole Year,Grapes
29.83,78.53,174.79,10.11,7.04,85.28,25.0,31.88,32.38,35.74,25.3,Whole Year,Banana
30.28,65.71,121.74,6.42,6.24,75.55,16.58,36.89,37.19,25.92,18.48,Kharif,Maize
26.54,56.02,144.5,9.53,7.02,58.84,14.46,37.27,30.71,32.02,31.69,Kharif,Cotton
28.91,76.93,163.05,8.41,6.39,82.12,18.06,30.1,35.36,34.54,26.72,Kharif,Rice
28.43,68.05,67.75,6.76,7.11,32.74,16.5,30.12,42.43,27.45,18.87,Kharif,Black Gram Dal(Urd Dal)
29.43,64.02,75.6,7.05,6.54,36.27,13.54,28.33,45.94,25.73,17.91,Kharif,Black Gram Dal(Urd Dal)
25.45,47.53,69.79,8.53,6.99,58.81,15.98,23.74,47.05,29.21,16.96,Whole Year,Grapes
28.75,71.68,134.77,10.25,6.62,86.72,19.33,29.78,47.22,23.0,22.2,Whole Year,Papaya
25.85,59.97,140.18,6.9,7.4,57.01,14.79,39.94,30.86,29.2,26.75,Kharif,Cotton
32.14,44.99,63.07,11.72,7.2,81.5,11.02,17.34,61.39,21.27,15.45,Whole Year,Water Melon
26.31,60.22,157.81,8.41,7.05,72.78,13.68,37.39,29.19,33.42,32.21,Kharif,Cotton
30.36,54.98,115.08,6.84,6.3,72.69,11.54,31.52,45.94,22.54,20.32,Whole Year,Mango
32.37,70.51,157.63,7.9,6.64,82.34,19.88,25.99,49.17,24.84,21.48,Whole Year,Papaya
29.47,61.73,140.55,7.28,7.19,71.77,14.63,39.64,32.56,27.8,33.07,Kharif,Cotton
27.37,75.67,184.44,8.61,6.78,73.42,25.0,28.33,36.71,34.96,22.94,Whole Year,Banana
29.01,79.14,183.04,9.92,6.55,84.45,25.0,28.49,39.57,31.94,26.82,Whole Year,Banana
26.5,59.08,136.11,9.15,7.31,68.73,16.56,37.9,31.2,30.9,33.39,Kharif,Cotton
25.83,58.17,136.64,9.9,7.24,57.18,15.21,38.15,28.92,32.93,35.05,Kharif,Cotton
25.4,58.54,117.21,8.86,7.03,66.48,13.54,37.35,36.61,26.04,21.91,Kharif,Maize
30.36,56.49,81.37,8.04,6.73,36.12,15.33,29.78,42.75,27.47,18.55,Kharif,Black Gram Dal(Urd Dal)
32.08,46.42,49.01,10.01,6.65,85.29,10.5,20.92,57.17,21.91,13.05,Whole Year,Water Melon
27.95,55.24,105.19,9.93,6.93,64.15,25.0,31.0,42.34,26.66,23.64,Whole Year,Pomegranate
18.43,63.68,84.47,10.98,6.05,36.74,17.26,26.47,46.43,27.1,15.37,Rabi,Beans
27.55,73.13,138.14,5.31,6.65,75.4,25.0,27.05,43.78,29.17,21.09,Whole Year,Papaya
27.49,63.69,174.44,9.14,7.07,68.62,12.84,37.69,29.31,33.0,31.09,Kharif,Cotton
35.13,53.25,104.97,9.04,6.59,61.45,15.61,29.39,43.74,26.87,21.3,Whole Year,Mango
27.44,57.23,109.41,9.89,7.06,60.03,20.86,33.14,45.31,21.55,19.24,Kharif,Maize
30.07,75.81,210.74,8.01,6.86,79.46,22.01,28.17,39.03,32.8,24.5,Whole Year,Banana
27.56,64.39,137.69,6.52,6.94,68.64,14.14,39.25,29.85,30.9,31.48,Kharif,Cotton
26.49,79.04,163.77,9.69,6.3,83.58,25.0,28.98,40.64,30.38,22.52,Kharif,Rice
28.23,54.2,51.82,8.48,6.62,53.2,17.73,27.75,49.05,23.2,16.29,Whole Year,Grapes
27.44,64.88,75.02,11.29,7.08,78.95,25.0,34.88,38.16,26.96,17.83,Whole Year,Pomegranate
29.29,55.42,122.32,8.24,6.6,70.49,13.55,29.12,43.0,27.88,27.13,Whole Year,Mango
28.99,63.77,169.39,9.26,6.85,54.34,14.74,39.41,29.17,31.42,32.32,Kharif,Cotton
25.57,67.5,184.49,10.07,6.41,89.35,25.0,28.66,33.66,37.68,22.55,Kharif,Rice
32.44,46.93,63.56,11.84,6.6,83.13,14.58,17.54,64.09,18.37,14.22,Whole Year,Water Melon
28.85,74.58,156.74,8.53,6.7,78.29,19.96,29.88,47.91,22.21,21.62,Whole Year,Papaya
25.19,55.86,80.05,13.91,6.75,34.96,13.66,22.17,52.3,25.53,12.94,Whole Year,Grapes
21.09,70.31,96.37,10.99,6.5,73.31,22.31,25.52,47.53,26.95,19.75,Whole Year,Orange
29.59,72.4,156.81,7.23,6.6,76.52,25.0,29.31,33.03,37.66,25.12,Whole Year,Banana
26.9,57.7,99.98,8.88,6.25,77.75,18.81,35.43,37.34,27.23,18.96,Kharif,Maize
29.8,60.38,98.58,10.36,6.77,77.02,25.0,31.63,39.61,28.76,22.37,Whole Year,Pomegranate
30.86,58.63,118.81,7.49,6.4,89.42,20.44,32.37,42.09,25.54,16.75,Whole Year,Mango
31.78,43.94,66.39,11.42,6.42,62.82,13.27,18.51,62.71,18.78,9.99,Whole Year,Karbuja(Musk Melon)
24.84,49.93,64.77,12.26,6.62,53.67,15.42,27.34,45.84,26.82,16.76,Whole Year,Grapes
26.71,67.87,219.22,10.69,6.95,94.91,25.0,25.74,38.69,35.57,25.86,Whole Year,Banana
26.51,61.11,68.6,8.48,7.14,69.12,25.0,31.84,40.39,27.77,21.39,Whole Year,Pomegranate
26.09,72.7,162.09,9.88,6.4,91.52,21.55,30.81,32.11,37.08,23.25,Kharif,Rice
26.8,75.46,176.41,9.39,6.97,81.87,25.0,26.69,36.79,36.52,29.0,Whole Year,Banana
28.96,63.59,158.73,10.62,7.28,60.67,11.3,40.37,28.92,30.71,34.35,Kharif,Cotton
29.06,61.85,151.13,6.73,7.23,63.05,16.39,38.86,28.32,32.82,31.55,Kharif,Cotton
29.58,70.3,131.03,7.52,6.8,81.86,19.04,26.02,48.62,25.36,18.91,Whole Year,Papaya
26.82,61.99,108.9,9.01,6.73,90.29,16.46,33.14,42.46,24.4,17.05,Kharif,Maize
26.33,78.02,199.51,8.01,6.36,104.82,21.8,32.19,32.81,35.0,24.73,Whole Year,Banana
29.77,45.82,43.28,9.17,6.07,71.41,13.73,20.24,60.23,19.53,13.43,Whole Year,Karbuja(Musk Melon)
26.67,74.1,180.5,5.45,6.66,87.22,24.14,26.97,33.88,39.15,23.0,Kharif,Rice
31.21,51.43,99.51,9.75,6.43,73.44,16.51,27.56,43.49,28.95,20.88,Whole Year,Mango
22.51,64.11,101.62,6.98,6.04,42.41,11.58,23.97,45.17,30.86,14.24,Rabi,Beans
30.89,46.78,62.99,9.14,6.46,71.13,14.24,20.14,60.79,19.07,12.58,Whole Year,Karbuja(Musk Melon)
28.21,48.08,101.41,5.74,6.55,79.81,20.97,31.36,43.26,25.38,23.73,Whole Year,Mango
30.96,46.23,56.34,10.63,6.39,75.73,10.25,17.58,61.44,20.98,13.51,Whole Year,Karbuja(Musk Melon)
25.48,59.19,171.08,7.07,7.43,73.95,13.64,37.57,28.12,34.31,30.35,Kharif,Cotton
30.06,52.32,154.19,9.57,7.13,60.27,10.8,37.96,31.01,31.03,34.51,Kharif,Cotton
19.2,57.73,109.22,9.54,6.45,40.56,11.97,26.22,41.72,32.06,19.14,Rabi,Beans
29.62,49.97,62.58,11.61,6.03,83.71,15.7,22.12,59.5,18.38,9.96,Whole Year,Water Melon
36.4,54.34,68.41,11.93,6.7,61.73,13.18,16.92,60.24,22.84,16.31,Whole Year,Water Melon
32.52,48.97,57.08,9.19,6.73,78.1,20.5,19.93,61.76,18.31,17.72,Whole Year,Karbuja(Musk Melon)
29.45,53.45,107.64,6.76,6.5,69.2,18.17,29.13,44.83,26.04,22.05,Whole Year,Mango
30.14,49.46,63.8,11.66,6.57,70.32,20.1,18.62,61.83,19.55,13.89,Whole Year,Water Melon
26.74,73.76,203.64,11.07,6.52,58.83,25.0,27.68,36.91,35.41,20.74,Kharif,Rice
26.03,77.99,200.15,8.66,6.46,84.25,25.0,27.28,43.33,29.39,22.81,Kharif,Rice
27.81,73.63,162.04,12.13,6.75,73.57,23.96,30.3,38.69,31.01,24.6,Kharif,Rice
32.26,71.98,165.99,9.64,6.44,77.84,25.0,28.66,45.56,25.78,22.58,Whole Year,Papaya
26.56,65.82,69.98,11.94,6.76,71.52,19.59,30.38,43.44,26.18,18.61,Whole Year,Orange
27.29,75.12,122.02,7.62,6.72,61.92,17.47,25.36,51.56,23.08,19.68,Whole Year,Papaya
27.96,45.98,48.36,11.66,6.48,57.44,6.6,20.25,59.87,19.88,13.82,Whole Year,Karbuja(Musk Melon)
31.69,55.19,52.51,6.12,6.83,66.07,9.1,20.73,61.66,17.61,11.34,Whole Year,Karbuja(Musk Melon)
24.65,67.36,111.14,6.41,6.84,77.35,19.85,29.44,46.9,23.66,17.46,Whole Year,Orange
28.66,72.63,105.81,7.36,6.54,71.53,19.52,28.63,47.07,24.3,21.12,Whole Year,Papaya
24.07,56.48,53.07,8.09,6.97,58.74,12.47,25.88,46.08,28.04,17.9,Whole Year,Grapes
32.09,70.29,83.9,9.59,6.84,26.14,10.4,33.57,41.48,24.95,14.85,Kharif,Black Gram Dal(Urd Dal)
25.68,64.29,113.4,9.82,6.79,81.62,18.14,29.03,41.92,29.05,24.64,Kharif,Maize
24.98,66.95,120.27,10.44,6.74,69.76,21.89,26.56,48.91,24.53,18.8,Whole Year,Orange
28.51,60.6,138.8,7.92,6.89,77.25,13.07,36.47,40.1,23.43,23.89,Kharif,Maize
28.01,76.9,203.49,9.37,6.68,85.75,24.25,29.56,34.29,36.15,28.64,Whole Year,Banana
23.91,61.3,68.22,9.67,6.68,60.72,16.63,22.2,52.24,25.56,11.17,Whole Year,Grapes
28.29,56.51,67.88,10.08,7.2,58.76,13.27,26.26,48.8,24.94,15.76,Whole Year,Grapes
32.18,48.55,50.28,12.1,6.62,57.0,12.31,17.88,63.67,18.45,11.63,Whole Year,Karbuja(Musk Melon)
27.97,77.23,172.14,7.62,6.63,66.01,22.84,30.67,30.99,38.34,20.32,Kharif,Rice
20.41,55.92,82.15,8.87,6.46,49.71,15.1,23.77,44.41,31.82,18.38,Rabi,Beans
20.94,53.29,72.16,12.04,6.65,51.24,12.41,21.41,51.09,27.5,17.62,Whole Year,Grapes
31.35,46.28,53.55,12.74,6.75,75.24,13.97,18.73,60.68,20.59,11.46,Whole Year,Water Melon
28.35,77.37,168.11,10.75,6.9,74.14,25.0,29.01,33.48,37.51,19.44,Kharif,Rice
30.75,44.53,56.72,10.34,6.45,80.68,15.62,20.82,59.61,19.57,13.2,Whole Year,Karbuja(Musk Melon)
28.17,70.52,151.67,7.75,6.28,84.2,13.93,30.75,44.72,24.53,19.58,Whole Year,Papaya
29.15,65.53,53.01,7.72,6.53,30.81,14.9,28.13,42.39,29.48,17.58,Kharif,Black Gram Dal(Urd Dal)
28.44,73.13,180.57,8.58,6.59,94.76,18.53,29.46,33.48,37.06,22.74,Kharif,Rice
26.42,73.14,190.88,9.58,6.52,86.91,25.0,28.55,35.47,35.98,23.52,Kharif,Rice
27.9,52.67,53.98,9.47,6.66,69.86,10.56,19.36,62.06,18.58,12.28,Whole Year,Karbuja(Musk Melon)
25.77,71.57,177.72,8.01,6.37,75.31,25.0,27.03,38.69,34.28,24.6,Whole Year,Banana
34.36,51.84,58.09,13.13,6.9,73.35,10.36,18.74,59.76,21.5,15.85,Whole Year,Water Melon
21.22,61.76,84.82,9.26,6.24,45.72,18.59,23.51,48.52,27.97,15.3,Rabi,Beans
28.63,77.74,157.34,8.61,6.63,91.66,24.89,29.0,32.45,38.55,23.96,Whole Year,Banana
31.85,45.59,61.35,12.07,6.57,69.13,15.91,14.17,67.28,18.55,15.45,Whole Year,Water Melon
32.8,55.6,81.98,9.33,6.47,77.26,13.91,18.4,62.79,18.81,13.89,Whole Year,Water Melon
26.61,63.27,113.64,8.7,6.5,72.49,19.18,32.12,40.64,27.24,17.78,Kharif,Maize
32.02,43.23,57.39,13.95,6.59,79.11,16.96,17.09,61.47,21.44,14.59,Whole Year,Water Melon
27.71,56.95,89.72,8.31,6.97,25.64,12.94,28.03,44.01,27.96,16.85,Kharif,Black Gram Dal(Urd Dal)
28.7,70.48,151.35,8.23,6.31,101.33,22.01,29.37,34.0,36.63,24.87,Whole Year,Banana
30.91,76.05,159.88,12.16,6.96,86.51,20.27,30.38,34.28,35.34,19.86,Kharif,Rice
28.7,72.91,178.0,7.31,6.84,77.16,25.0,32.2,31.75,36.05,30.15,Whole Year,Banana
25.11,65.08,106.91,7.56,6.66,80.04,21.08,29.96,43.24,26.8,16.27,Whole Year,Orange
28.75,65.62,83.06,10.0,6.64,28.19,13.85,31.24,42.32,26.44,20.7,Kharif,Black Gram Dal(Urd Dal)
27.79,65.49,136.13,8.43,6.8,64.98,22.95,29.13,43.38,27.49,16.81,Whole Year,Papaya
27.85,65.43,126.8,10.99,6.85,72.48,8.74,33.2,38.79,28.01,19.3,Kharif,Maize
23.04,65.29,107.79,9.94,6.79,76.64,18.74,29.03,46.87,24.1,16.2,Whole Year,Orange
34.37,49.2,50.85,12.9,6.76,70.76,14.07,18.99,59.3,21.71,13.39,Whole Year,Water Melon
30.44,66.63,142.96,6.93,6.69,84.75,21.7,19.9,51.03,29.07,19.75,Whole Year,Papaya
21.46,58.05,105.24,5.76,6.1,42.68,18.9,23.39,44.66,31.95,19.26,Rabi,Beans
30.48,59.32,58.97,8.55,6.8,37.69,10.65,30.36,39.45,30.19,18.03,Kharif,Black Gram Dal(Urd Dal)
27.1,64.81,80.19,12.21,6.56,35.31,9.76,29.45,44.69,25.86,18.76,Kharif,Black Gram Dal(Urd Dal)
22.31,66.79,126.59,7.91,6.75,79.02,17.13,28.75,42.95,28.3,15.59,Whole Year,Orange
23.81,61.51,107.84,9.64,6.68,69.92,22.0,32.45,43.37,24.18,20.33,Whole Year,Orange
26.14,45.13,50.22,13.1,6.46,72.8,9.84,18.8,62.34,18.86,12.55,Whole Year,Karbuja(Musk Melon)
27.57,55.01,82.64,11.1,6.87,50.91,20.06,25.51,51.98,22.51,18.64,Whole Year,Grapes
28.65,59.22,121.04,9.52,6.42,52.09,25.0,33.94,45.43,20.63,20.35,Kharif,Maize
27.75,60.4,55.02,6.57,6.79,34.95,11.27,28.99,42.04,28.97,17.27,Kharif,Black Gram Dal(Urd Dal)
27.18,59.17,109.03,9.01,6.62,74.33,20.6,31.87,43.87,24.26,16.69,Whole Year,Mango
20.55,58.32,85.92,7.53,6.27,41.33,10.74,27.2,44.88,27.92,17.29,Rabi,Beans
18.03,57.05,90.98,8.31,5.9,32.68,16.8,28.78,43.45,27.77,14.24,Rabi,Beans
26.92,61.93,132.72,8.2,6.87,54.91,16.44,36.89,27.61,35.5,33.11,Kharif,Cotton
30.75,57.85,108.74,8.21,6.57,67.31,21.54,32.63,42.93,24.44,16.49,Whole Year,Mango
25.84,62.17,120.47,10.84,6.87,79.55,15.37,33.07,43.36,23.57,17.87,Kharif,Maize
31.79,62.57,106.27,8.45,6.37,59.9,18.43,30.48,46.98,22.54,17.49,Whole Year,Mango
23.73,47.87,67.32,9.4,6.9,60.62,18.65,26.03,48.73,25.24,18.94,Whole Year,Grapes
28.74,80.67,187.99,9.64,6.44,87.16,21.33,26.33,40.31,33.36,20.78,Whole Year,Banana
28.04,65.71,72.99,10.29,6.53,33.33,14.8,27.92,44.25,27.83,16.64,Kharif,Black Gram Dal(Urd Dal)
26.26,55.06,65.92,8.99,7.21,51.48,18.25,28.4,50.55,21.05,15.55,Whole Year,Grapes
23.71,53.71,66.61,6.28,6.53,56.19,17.48,24.76,51.9,23.34,15.55,Whole Year,Grapes
24.54,64.94,109.61,8.68,6.49,68.97,22.98,34.43,41.92,23.65,28.34,Kharif,Maize
19.4,58.31,77.64,8.58,6.35,38.78,10.45,24.37,47.36,28.27,18.34,Rabi,Beans
23.22,59.29,88.0,6.79,6.12,45.18,17.09,26.9,44.31,28.79,14.56,Rabi,Beans
29.72,49.93,75.53,11.62,6.54,78.34,8.79,16.17,59.12,24.71,12.04,Whole Year,Karbuja(Musk Melon)
20.45,61.23,101.7,8.61,6.69,74.56,20.85,24.89,51.0,24.11,17.97,Whole Year,Orange
32.01,50.41,63.6,13.35,6.74,80.43,14.5,16.38,63.45,20.17,11.86,Whole Year,Water Melon
26.38,51.32,81.79,10.94,6.98,69.82,21.25,26.92,41.44,31.64,23.98,Whole Year,Pomegranate
19.98,62.68,98.3,8.63,5.99,37.62,13.98,27.94,41.77,30.29,18.8,Rabi,Beans
29.99,72.37,168.49,8.01,6.66,93.54,23.48,27.88,46.55,25.57,22.88,Whole Year,Papaya
32.16,67.46,151.12,8.02,6.43,77.02,20.74,28.74,47.38,23.88,19.86,Whole Year,Papaya
27.01,73.66,167.92,7.81,6.69,90.28,25.0,28.86,34.37,36.77,23.48,Whole Year,Banana
27.29,80.03,181.92,13.64,7.01,84.49,25.0,29.59,34.6,35.81,29.38,Whole Year,Banana
30.41,73.13,152.57,7.03,6.72,85.35,20.33,23.36,51.02,25.62,21.38,Whole Year,Papaya
33.6,40.41,53.14,9.93,6.75,78.18,15.67,19.22,59.62,21.16,10.75,Whole Year,Water Melon
28.17,47.4,56.3,9.24,6.41,77.17,14.22,20.1,62.13,17.77,14.52,Whole Year,Karbuja(Musk Melon)
25.56,61.0,113.64,12.23,6.75,68.63,15.47,35.5,39.34,25.16,21.75,Kharif,Maize
28.14,78.65,160.67,7.81,6.49,79.21,23.39,26.9,33.7,39.4,24.5,Kharif,Rice
19.65,64.56,84.63,7.52,6.37,46.45,16.83,18.82,51.97,29.21,19.38,Rabi,Beans
30.69,58.75,86.96,9.38,7.09,78.3,25.0,28.56,43.81,27.63,24.01,Whole Year,Pomegranate
27.01,59.59,69.31,7.89,7.04,32.93,12.64,28.3,44.09,27.61,22.81,Kharif,Black Gram Dal(Urd Dal)
27.39,71.91,157.21,5.45,6.81,102.03,25.0,26.64,34.01,39.35,23.64,Whole Year,Banana
27.01,55.24,129.94,11.83,7.36,61.41,14.0,39.08,30.65,30.27,33.87,Kharif,Cotton
28.03,67.33,83.52,8.7,6.57,32.44,9.98,31.52,40.7,27.78,14.53,Kharif,Black Gram Dal(Urd Dal)
28.43,70.92,79.89,11.45,6.86,23.7,12.38,33.16,41.45,25.39,17.28,Kharif,Black Gram Dal(Urd Dal)
29.01,50.09,92.84,10.88,7.13,61.73,25.0,33.02,40.19,26.79,18.67,Whole Year,Pomegranate
28.51,56.78,97.08,7.62,6.98,67.42,20.35,29.12,40.07,30.81,21.84,Whole Year,Pomegranate
26.39,54.99,94.16,8.73,7.12,81.43,25.0,32.72,42.65,24.63,21.95,Whole Year,Pomegranate
26.36,59.85,101.83,9.82,6.15,81.99,19.49,29.55,46.68,23.77,21.74,Whole Year,Mango
25.96,73.6,168.77,7.5,6.69,93.14,22.05,32.75,35.08,32.17,22.11,Kharif,Rice
29.23,78.76,193.02,11.22,6.58,90.18,25.0,30.26,33.22,36.52,26.95,Kharif,Rice
29.32,54.68,166.69,8.69,6.98,71.79,16.97,33.5,43.16,23.34,19.48,Kharif,Maize
31.7,57.37,125.09,8.19,6.63,75.4,18.6,24.25,49.21,26.54,16.11,Whole Year,Mango
32.27,52.34,59.0,11.75,6.22,65.65,9.82,16.46,59.95,23.59,17.04,Whole Year,Karbuja(Musk Melon)
23.83,58.12,87.54,7.08,6.09,30.53,15.58,24.01,47.3,28.69,16.39,Rabi,Beans
19.67,54.92,98.14,9.79,6.08,34.42,17.2,27.35,46.74,25.91,16.85,Rabi,Beans
27.87,69.3,129.48,8.12,6.91,70.39,22.7,24.58,48.38,27.04,19.12,Whole Year,Papaya
27.82,62.48,185.4,7.71,7.19,65.42,12.56,37.33,31.13,31.54,35.68,Kharif,Cotton
35.53,56.81,114.09,6.58,6.0,74.61,19.83,29.51,42.12,28.37,17.69,Whole Year,Mango
28.8,62.45,75.07,10.8,7.04,32.25,13.0,27.85,47.43,24.72,19.25,Kharif,Black Gram Dal(Urd Dal)
27.88,62.9,68.59,10.27,6.52,41.22,12.28,31.57,43.23,25.2,13.36,Kharif,Black Gram Dal(Urd Dal)
27.09,54.72,133.45,8.82,6.86,57.1,12.61,36.77,28.76,34.47,31.28,Kharif,Cotton
27.3,60.13,81.28,9.33,7.12,90.19,25.0,29.57,41.99,28.44,23.34,Whole Year,Pomegranate
33.88,41.93,58.54,12.09,6.65,62.28,15.96,20.98,58.91,20.11,10.83,Whole Year,Karbuja(Musk Melon)
17.53,59.16,97.18,5.55,6.58,43.71,14.9,27.56,46.06,26.38,17.89,Rabi,Beans
30.11,68.74,150.82,7.23,6.76,70.38,11.21,24.72,45.97,29.31,20.31,Whole Year,Papaya
30.02,57.91,93.27,8.94,6.69,38.63,11.2,31.7,43.21,25.09,15.54,Kharif,Black Gram Dal(Urd Dal)
32.5,67.83,141.1,8.78,6.64,93.96,23.6,26.85,48.17,24.98,19.22,Whole Year,Papaya
26.61,69.23,181.36,8.52,6.82,79.17,24.04,26.82,37.75,35.43,20.54,Whole Year,Banana
27.36,76.14,187.79,7.24,6.32,78.1,21.92,32.01,37.5,30.49,25.55,Whole Year,Banana
29.36,69.92,167.05,13.36,6.88,77.6,25.0,29.04,34.07,36.89,19.64,Kharif,Rice
29.77,54.94,76.99,13.81,6.56,69.67,11.59,19.18,59.52,21.3,15.18,Whole Year,Water Melon
28.2,57.71,87.41,7.0,7.17,42.98,12.01,29.31,44.12,26.57,17.26,Kharif,Black Gram Dal(Urd Dal)
28.53,62.93,118.15,11.13,6.85,78.21,25.0,31.06,36.98,31.96,24.53,Whole Year,Pomegranate
31.16,51.32,63.34,11.15,6.52,73.38,14.24,17.99,61.6,20.41,12.11,Whole Year,Karbuja(Musk Melon)
20.4,55.48,98.55,4.68,6.33,38.48,14.67,26.1,45.62,28.28,16.42,Rabi,Beans
24.99,56.94,59.31,12.81,7.15,45.34,19.39,23.69,53.24,23.07,17.72,Whole Year,Grapes
30.24,74.32,189.48,9.06,6.91,72.93,21.98,31.94,35.45,32.61,27.11,Whole Year,Banana
28.24,63.7,154.34,7.34,7.16,56.12,11.4,38.27,29.73,32.0,34.7,Kharif,Cotton
25.65,53.38,97.92,10.02,6.91,66.16,19.23,34.59,41.45,23.96,21.4,Kharif,Maize
24.5,51.99,78.68,9.5,6.85,46.76,15.69,18.81,53.18,28.01,13.29,Whole Year,Grapes
26.57,74.99,71.85,7.85,6.82,36.5,11.57,30.56,42.17,27.27,22.15,Kharif,Black Gram Dal(Urd Dal)
26.25,72.84,189.49,6.53,6.16,84.84,25.0,28.42,37.87,33.71,22.82,Whole Year,Banana
27.16,58.17,73.82,9.8,6.94,68.75,24.86,35.38,43.03,21.59,19.97,Whole Year,Pomegranate
24.61,61.0,99.7,8.77,6.79,77.46,24.58,23.06,48.25,28.69,13.29,Whole Year,Orange
27.89,53.64,76.39,9.53,7.29,78.99,25.0,29.69,44.07,26.24,22.12,Whole Year,Pomegranate
31.86,46.67,42.31,10.2,6.51,80.42,9.11,16.98,64.76,18.26,16.33,Whole Year,Karbuja(Musk Melon)
26.2,52.49,147.76,6.14,7.14,64.95,12.35,37.22,28.94,33.84,34.22,Kharif,Cotton
20.02,51.21,65.31,9.59,6.87,49.44,18.43,22.0,54.61,23.39,14.54,Whole Year,Grapes
20.86,57.57,101.48,7.05,6.3,54.12,12.1,25.11,44.99,29.9,16.29,Rabi,Beans
27.99,62.67,157.21,10.56,7.46,61.12,15.47,36.23,29.41,34.36,34.52,Kharif,Cotton
25.12,70.37,171.95,8.37,6.46,70.48,25.0,29.23,35.68,35.09,20.93,Kharif,Rice
29.17,71.31,137.32,11.72,7.0,78.63,25.0,29.77,42.62,27.61,22.79,Whole Year,Papaya
26.94,58.06,78.97,8.84,6.91,74.73,25.0,33.79,39.17,27.04,20.52,Whole Year,Pomegranate
28.1,56.14,78.7,9.03,7.13,55.54,25.0,33.28,39.93,26.79,24.21,Whole Year,Pomegranate
31.03,69.44,122.06,6.14,6.64,74.02,25.0,28.54,44.29,27.17,23.68,Whole Year,Papaya
26.87,73.54,181.83,9.25,6.97,79.08,25.0,28.17,39.6,32.23,24.7,Whole Year,Banana
28.58,67.14,148.97,7.61,6.82,79.2,19.58,29.32,46.21,24.47,22.62,Whole Year,Papaya
28.23,70.99,152.48,8.58,6.86,92.85,24.1,26.31,47.2,26.49,20.47,Whole Year,Papaya
20.06,63.24,96.99,8.62,6.3,40.21,17.84,25.19,45.48,29.33,15.48,Rabi,Beans
26.52,74.11,184.68,11.89,6.51,95.82,23.26,25.11,39.44,35.45,15.45,Kharif,Rice
33.66,38.18,53.21,10.49,6.68,59.13,13.82,19.82,57.97,22.21,13.18,Whole Year,Karbuja(Musk Melon)
28.5,78.88,123.81,8.37,6.54,77.37,25.0,26.45,49.52,24.03,21.68,Whole Year,Papaya
28.73,60.52,67.31,10.66,7.63,72.28,25.0,30.42,43.73,25.85,21.17,Whole Year,Pomegranate
30.18,60.33,84.22,6.64,7.08,79.91,25.0,34.82,41.07,24.11,26.42,Whole Year,Pomegranate
27.0,49.55,77.51,8.61,6.53,49.69,15.78,24.75,52.38,22.87,15.13,Whole Year,Grapes
28.35,62.21,147.91,8.41,7.39,54.97,18.43,39.14,29.81,31.05,34.66,Kharif,Cotton
31.02,73.74,158.63,8.71,6.47,66.98,25.0,24.56,50.78,24.66,20.27,Whole Year,Papaya
23.43,63.36,100.61,8.34,6.76,50.31,18.01,25.31,45.53,29.16,17.6,Whole Year,Orange
25.22,59.47,80.27,9.6,7.12,81.21,25.0,30.77,40.32,28.91,25.07,Whole Year,Pomegranate
25.55,62.89,115.56,7.64,7.46,70.13,11.43,37.61,31.03,31.36,32.75,Kharif,Cotton
19.49,65.44,79.54,8.85,6.19,39.57,13.0,28.3,43.38,28.32,16.19,Rabi,Beans
28.38,40.69,58.87,11.8,6.2,68.47,14.03,18.92,59.87,21.21,16.56,Whole Year,Karbuja(Musk Melon)
21.4,58.18,52.66,8.65,6.69,55.63,13.3,24.03,48.58,27.39,18.32,Whole Year,Grapes
30.4,58.34,71.28,8.55,7.25,72.49,25.0,29.83,40.14,30.03,25.66,Whole Year,Pomegranate
29.23,51.36,91.26,7.1,6.43,86.57,18.84,25.22,44.93,29.85,16.76,Whole Year,Mango
27.74,64.39,119.4,7.99,6.96,80.85,23.03,37.62,38.26,24.12,24.59,Kharif,Maize
29.82,74.39,157.96,6.59,6.9,88.66,15.02,30.59,40.84,28.57,20.42,Whole Year,Papaya
34.1,48.55,56.25,11.43,6.82,84.85,19.74,18.72,63.77,17.51,16.64,Whole Year,Water Melon
30.61,53.8,46.0,11.51,6.39,72.01,13.5,16.72,63.78,19.5,12.61,Whole Year,Karbuja(Musk Melon)
30.77,46.46,126.26,6.0,6.65,77.03,17.92,29.92,45.89,24.19,22.82,Whole Year,Mango
30.49,45.26,63.82,12.55,6.88,68.85,13.15,17.43,65.76,16.81,15.96,Whole Year,Water Melon
33.46,42.25,65.24,12.89,7.08,70.85,18.41,16.7,65.66,17.64,18.34,Whole Year,Water Melon
30.15,41.43,66.9,9.17,6.6,84.87,16.36,16.41,61.89,21.7,15.81,Whole Year,Karbuja(Musk Melon)
23.79,54.29,82.79,8.2,6.78,71.74,20.98,31.49,41.46,27.05,23.65,Whole Year,Orange
30.51,48.48,52.58,12.0,6.5,68.06,18.19,15.49,63.72,20.79,13.22,Whole Year,Karbuja(Musk Melon)
23.64,61.77,106.24,11.32,6.86,67.84,14.44,29.63,44.7,25.67,15.14,Whole Year,Orange
25.72,80.63,150.59,9.53,6.49,84.42,20.24,35.93,34.62,29.45,20.05,Kharif,Rice
30.78,54.29,43.89,12.71,6.78,70.83,12.71,18.62,61.38,20.0,13.54,Whole Year,Water Melon
22.39,69.57,73.09,7.48,5.72,38.34,15.48,27.38,42.79,29.83,17.89,Rabi,Beans
31.56,52.87,59.19,12.47,6.52,79.99,12.9,15.88,66.05,18.07,13.93,Whole Year,Karbuja(Musk Melon)
26.9,58.08,139.5,9.05,7.09,68.61,12.73,38.47,30.32,31.21,31.79,Kharif,Cotton
21.92,52.92,68.75,9.22,6.76,42.51,11.56,20.48,53.49,26.03,15.67,Whole Year,Grapes
29.87,53.72,68.27,9.2,7.23,60.77,25.0,35.01,39.9,25.09,23.26,Whole Year,Pomegranate
32.63,47.19,39.92,10.1,6.53,71.19,13.81,15.0,63.05,21.95,12.08,Whole Year,Karbuja(Musk Melon)
30.32,60.34,81.45,9.13,6.97,72.69,25.0,35.65,40.93,23.42,22.76,Whole Year,Pomegranate
28.67,58.19,75.8,8.87,6.69,35.04,14.33,27.31,47.48,25.21,16.26,Kharif,Black Gram Dal(Urd Dal)
31.93,58.44,132.71,8.63,6.35,65.11,15.68,27.66,43.7,28.64,16.63,Whole Year,Mango
27.26,60.76,173.56,8.49,7.3,65.44,13.32,38.52,28.7,32.78,35.93,Kharif,Cotton
25.11,65.82,116.08,9.83,7.24,58.81,15.79,38.5,31.25,30.25,27.45,Kharif,Cotton
26.46,74.64,164.29,10.05,6.45,73.41,23.72,31.01,29.95,39.04,23.23,Whole Year,Banana
26.67,78.28,185.67,10.48,6.56,92.54,19.02,32.45,33.57,33.98,18.98,Kharif,Rice
25.54,56.0,90.15,9.39,7.02,35.84,9.76,26.36,47.44,26.2,18.61,Kharif,Black Gram Dal(Urd Dal)
25.69,79.47,183.08,10.68,6.78,88.44,25.0,29.6,37.94,32.46,26.02,Whole Year,Banana
30.93,54.3,55.87,12.27,6.45,82.47,9.39,19.89,60.86,19.25,13.47,Whole Year,Water Melon
25.54,63.78,70.0,9.08,6.73,46.46,19.21,25.19,54.13,20.68,17.48,Whole Year,Grapes
26.79,77.43,197.85,10.39,6.88,87.86,24.33,32.1,33.78,34.12,25.6,Kharif,Rice
26.59,78.51,161.44,8.33,6.59,84.63,25.0,23.74,37.5,38.76,24.8,Kharif,Rice
32.5,53.17,63.0,12.15,6.59,68.04,15.15,15.34,60.86,23.8,14.91,Whole Year,Water Melon
23.35,68.04,102.26,9.99,6.3,66.29,16.28,31.24,44.21,24.55,15.64,Whole Year,Orange
23.46,63.12,124.23,6.7,6.87,65.47,15.6,28.78,46.1,25.12,16.13,Whole Year,Orange
27.54,77.05,126.92,12.13,6.88,86.99,17.86,25.74,51.23,23.03,20.51,Whole Year,Papaya
30.51,70.77,172.28,8.51,6.45,69.51,25.0,27.33,47.05,25.62,19.97,Whole Year,Papaya
32.28,44.47,62.42,9.33,7.01,87.55,17.75,18.58,60.56,20.86,15.97,Whole Year,Water Melon
25.98,59.1,114.97,9.61,7.07,74.06,16.66,33.66,41.29,25.05,23.16,Kharif,Maize
24.57,64.41,72.29,9.63,6.38,53.76,19.66,29.08,49.76,21.16,16.57,Whole Year,Grapes
21.04,62.24,82.08,5.92,6.04,40.46,18.13,20.75,50.86,28.39,16.76,Rabi,Beans
28.81,56.33,90.11,8.86,7.04,70.76,23.1,28.23,42.75,29.02,21.4,Whole Year,Pomegranate
30.05,65.87,135.85,7.89,6.86,79.26,16.42,33.36,41.58,25.06,21.86,Whole Year,Papaya
26.39,62.64,100.79,7.62,6.66,70.62,14.12,24.77,45.64,29.59,18.35,Whole Year,Mango
25.97,62.37,116.46,10.66,6.43,79.52,16.72,33.28,37.32,29.4,22.77,Kharif,Maize
25.78,57.15,91.75,12.11,7.51,64.84,24.9,30.62,42.97,26.41,22.67,Whole Year,Pomegranate
23.2,62.48,112.95,10.41,6.17,60.56,16.46,27.49,45.44,27.07,19.72,Whole Year,Orange
28.39,61.45,96.01,7.81,6.78,77.81,22.79,30.97,45.3,23.73,20.9,Kharif,Maize
30.38,56.81,76.24,8.07,6.8,26.76,14.79,30.9,43.7,25.4,18.59,Kharif,Black Gram Dal(Urd Dal)
26.33,68.22,128.52,7.52,6.81,78.27,17.11,28.53,45.77,25.7,20.15,Whole Year,Orange
28.62,71.33,133.11,8.81,6.52,78.33,16.52,26.8,46.86,26.34,20.76,Whole Year,Papaya
28.7,61.48,93.54,8.49,6.71,69.7,16.23,26.8,45.64,27.56,19.2,Whole Year,Orange
25.32,55.61,76.09,12.59,6.74,55.5,18.12,28.19,48.78,23.03,13.64,Whole Year,Grapes
25.88,68.94,79.06,8.81,6.27,29.65,15.19,22.7,42.05,35.25,18.28,Rabi,Beans
27.48,59.87,116.99,11.21,6.73,53.84,22.91,32.06,46.12,21.82,15.82,Whole Year,Mango
26.62,47.69,78.67,10.75,6.7,52.01,16.46,22.85,50.34,26.81,17.96,Whole Year,Grapes
30.92,51.52,56.34,9.95,6.3,77.54,8.47,19.47,58.78,21.75,13.64,Whole Year,Karbuja(Musk Melon)
26.63,65.03,68.25,8.64,6.98,29.12,16.29,29.53,42.72,27.75,17.43,Kharif,Black Gram Dal(Urd Dal)
27.58,59.35,76.69,7.69,7.26,52.45,25.0,37.96,34.54,27.5,20.87,Whole Year,Pomegranate
30.32,59.09,63.29,11.88,6.85,74.41,15.34,20.63,57.81,21.56,13.43,Whole Year,Karbuja(Musk Melon)
21.29,56.87,100.85,7.75,6.68,46.42,18.12,26.48,49.69,23.83,19.2,Rabi,Beans
22.46,60.49,119.54,9.42,6.44,74.46,17.89,30.62,43.56,25.82,20.11,Whole Year,Orange
27.03,57.51,63.34,8.1,6.9,54.5,15.68,32.33,46.83,20.84,17.88,Whole Year,Grapes
30.22,67.12,91.79,9.71,7.5,72.95,25.0,31.06,43.19,25.75,20.18,Whole Year,Pomegranate
29.68,67.02,72.21,11.73,6.69,33.81,10.52,29.2,43.37,27.43,18.57,Kharif,Black Gram Dal(Urd Dal)
30.34,56.43,87.42,9.72,6.11,67.77,19.86,31.05,45.77,23.18,24.18,Whole Year,Mango
31.93,48.2,56.08,9.37,6.67,58.18,13.3,20.01,59.94,20.05,12.41,Whole Year,Water Melon
29.41,73.16,168.05,11.48,6.88,95.43,25.0,26.74,36.37,36.89,25.72,Whole Year,Banana
22.55,56.85,101.86,9.5,6.15,39.7,13.03,24.89,47.49,27.62,15.83,Rabi,Beans
31.34,60.3,128.5,9.05,6.77,60.91,16.61,29.49,44.71,25.8,18.29,Whole Year,Mango
26.98,62.56,65.59,8.72,6.62,25.35,8.68,26.98,41.32,31.7,21.67,Kharif,Black Gram Dal(Urd Dal)
27.62,72.41,150.08,8.03,6.98,85.38,25.0,24.91,35.69,39.4,23.05,Kharif,Rice
26.96,73.6,179.67,12.13,6.64,78.58,25.0,28.76,37.61,33.63,26.01,Kharif,Rice
33.79,58.53,79.71,12.3,6.54,65.28,18.12,18.15,61.47,20.38,17.47,Whole Year,Water Melon
27.46,69.7,78.15,8.57,6.69,30.53,14.44,24.61,48.03,27.36,15.11,Kharif,Black Gram Dal(Urd Dal)
27.83,75.42,195.71,10.26,6.85,85.69,24.83,31.36,35.43,33.21,27.16,Whole Year,Banana
21.18,49.8,104.72,7.25,6.08,45.19,12.2,23.78,45.4,30.82,17.4,Rabi,Beans
30.04,77.96,147.58,7.2,6.37,66.12,18.5,27.75,46.97,25.28,18.92,Whole Year,Papaya
21.3,64.86,114.42,7.81,6.38,46.47,11.6,26.65,46.23,27.12,17.58,Rabi,Beans
27.47,52.6,72.49,11.16,6.95,56.83,18.74,14.7,64.4,20.9,14.49,Whole Year,Water Melon
25.04,56.52,111.65,8.91,6.31,34.95,21.3,25.26,44.54,30.2,15.7,Rabi,Beans
29.39,55.48,109.1,10.15,6.94,99.53,18.47,29.77,43.3,26.93,22.14,Whole Year,Mango
26.26,63.61,136.91,10.8,6.73,59.52,13.14,36.43,30.97,32.6,36.74,Kharif,Cotton
28.99,51.18,132.5,6.68,7.27,62.76,16.16,38.79,31.7,29.51,32.04,Kharif,Cotton
25.95,64.31,104.86,10.49,6.72,85.31,20.44,24.83,47.24,27.93,22.59,Whole Year,Orange
32.83,66.64,147.9,9.82,6.56,75.13,22.92,27.47,45.33,27.2,20.74,Whole Year,Papaya
34.05,48.96,56.64,11.35,7.01,69.72,12.29,17.53,60.66,21.81,8.22,Whole Year,Water Melon
23.89,61.01,109.51,6.48,7.03,61.88,18.7,30.03,46.14,23.83,18.64,Whole Year,Orange
22.44,60.03,90.35,9.76,6.3,59.16,21.21,27.88,48.72,23.4,17.99,Whole Year,Orange
15.09,63.06,100.91,7.56,6.3,36.26,9.83,27.19,43.49,29.32,16.26,Rabi,Beans
27.35,63.39,144.53,7.57,6.79,73.84,16.52,42.27,27.84,29.89,35.1,Kharif,Cotton
28.41,68.05,85.36,7.8,6.76,38.08,8.52,28.57,43.46,27.97,16.96,Kharif,Black Gram Dal(Urd Dal)
33.98,50.3,66.01,13.52,6.92,84.07,14.36,16.09,62.1,21.81,15.08,Whole Year,Water Melon
29.1,58.33,174.81,10.31,7.11,70.4,18.19,39.5,29.19,31.31,34.18,Kharif,Cotton
27.49,71.33,142.31,7.62,6.58,75.97,17.52,26.35,46.49,27.16,18.74,Whole Year,Papaya
30.48,68.51,69.9,9.77,7.02,35.54,11.28,27.06,46.45,26.49,18.96,Kharif,Black Gram Dal(Urd Dal)
28.12,77.14,192.4,11.03,6.93,97.63,25.0,26.68,36.22,37.1,25.21,Whole Year,Banana
30.84,58.96,77.09,11.34,6.92,87.9,25.0,32.11,38.67,29.22,21.34,Whole Year,Pomegranate
25.27,65.23,63.04,6.33,6.4,27.93,14.76,31.75,43.65,24.6,20.71,Kharif,Black Gram Dal(Urd Dal)
30.4,47.07,47.89,11.37,6.63,76.07,20.74,19.74,60.91,19.35,14.63,Whole Year,Water Melon
28.96,77.65,190.09,12.0,6.65,86.78,22.45,24.84,36.89,38.27,19.9,Kharif,Rice
26.33,60.23,131.1,8.68,6.98,61.55,11.04,39.53,32.24,28.23,31.67,Kharif,Cotton
25.48,71.5,201.3,8.96,7.09,77.9,25.0,29.53,33.22,37.25,23.73,Whole Year,Banana
25.83,61.74,76.2,8.32,6.64,37.43,14.13,30.03,40.04,29.93,21.58,Kharif,Black Gram Dal(Urd Dal)
28.54,68.71,125.5,10.71,6.85,79.53,24.03,28.28,46.77,24.95,20.16,Whole Year,Papaya
28.04,63.76,126.0,8.81,6.68,71.25,14.43,33.77,35.82,30.41,20.38,Kharif,Maize
27.53,64.46,73.69,10.47,6.72,42.3,12.15,32.16,39.78,28.06,21.58,Kharif,Black Gram Dal(Urd Dal)
27.61,79.3,171.42,8.68,6.65,88.96,25.0,28.79,30.55,40.66,23.1,Kharif,Rice
28.99,63.01,135.56,7.31,6.8,84.76,19.52,33.37,42.91,23.72,18.76,Kharif,Maize
28.67,63.16,154.33,8.57,7.07,55.08,13.63,39.4,29.63,30.97,30.54,Kharif,Cotton
27.98,77.51,172.0,8.14,6.68,78.4,25.0,27.27,38.61,34.12,28.26,Whole Year,Banana
27.49,51.76,76.74,10.42,6.61,85.34,13.11,15.26,66.48,18.26,13.16,Whole Year,Water Melon
29.32,73.51,153.72,6.48,6.7,93.33,19.73,27.4,48.02,24.58,16.84,Whole Year,Papaya
30.78,48.46,61.31,11.62,7.01,78.95,11.07,21.39,62.29,16.32,12.45,Whole Year,Karbuja(Musk Melon)
20.5,50.73,63.68,8.97,6.64,54.0,20.04,25.31,49.6,25.09,13.28,Whole Year,Grapes
27.46,59.83,101.38,8.92,7.06,74.28,25.0,27.9,40.2,31.9,25.54,Whole Year,Pomegranate
25.26,83.33,180.0,7.58,6.46,84.56,24.55,29.68,34.64,35.68,19.59,Kharif,Rice
24.94,52.57,72.64,9.98,7.07,57.17,15.11,24.56,52.38,23.06,17.08,Whole Year,Grapes
26.07,57.58,83.54,10.94,7.22,61.93,24.84,29.18,46.44,24.38,22.86,Whole Year,Pomegranate
28.13,63.47,68.3,8.06,6.66,35.76,15.89,30.21,44.06,25.73,19.23,Kharif,Black Gram Dal(Urd Dal)
27.4,55.35,108.77,9.0,6.53,70.7,21.61,27.03,47.87,25.1,19.15,Whole Year,Mango
29.62,49.73,44.67,11.85,6.38,67.77,12.9,14.96,65.32,19.72,14.23,Whole Year,Water Melon
25.4,74.76,160.34,9.73,6.64,81.54,22.78,30.71,35.36,33.93,20.51,Kharif,Rice
30.34,73.13,199.08,7.09,6.96,93.73,25.0,29.33,36.58,34.09,23.72,Whole Year,Banana
30.24,80.22,175.7,11.53,6.51,76.82,25.0,32.72,34.24,33.04,22.23,Kharif,Rice
22.78,72.07,199.67,7.39,6.59,89.97,25.0,25.04,37.44,37.52,21.46,Kharif,Rice
26.08,58.69,116.43,9.8,7.02,74.75,14.63,37.64,36.12,26.24,26.49,Kharif,Maize
27.08,72.25,184.34,12.32,6.54,85.15,24.16,29.66,35.66,34.68,23.53,Kharif,Rice
20.94,58.74,113.25,7.42,6.41,43.36,13.5,27.66,45.04,27.3,15.75,Rabi,Beans
26.46,56.34,96.88,10.5,6.99,76.9,25.0,33.42,41.33,25.25,24.67,Whole Year,Pomegranate
29.99,54.34,118.5,10.25,6.69,64.0,25.0,29.57,47.84,22.59,20.98,Whole Year,Mango
26.81,58.67,175.18,8.15,7.43,63.3,14.09,35.19,31.51,33.3,30.56,Kharif,Cotton
27.02,58.9,116.08,9.93,6.65,58.88,24.85,29.32,46.05,24.63,20.85,Whole Year,Mango
29.01,60.34,154.38,8.74,7.06,61.68,12.41,42.51,27.71,29.78,30.18,Kharif,Cotton
33.77,52.24,54.38,11.75,6.68,65.75,25.0,14.05,63.45,22.5,12.66,Whole Year,Water Melon
24.48,62.36,117.94,9.22,6.76,96.37,17.78,20.42,51.72,27.86,20.04,Whole Year,Orange
31.78,68.49,144.74,11.11,6.6,81.08,24.0,27.4,45.0,27.6,19.14,Whole Year,Papaya
23.39,59.78,119.1,9.6,6.63,79.74,19.85,30.4,47.17,22.43,17.91,Whole Year,Orange
34.5,52.73,37.69,14.17,6.37,68.76,11.46,20.87,60.25,18.88,18.31,Whole Year,Water Melon
25.71,72.63,85.96,8.9,6.93,79.07,14.28,25.03,48.46,26.51,20.54,Whole Year,Orange
28.56,58.29,108.0,5.83,6.51,57.67,22.34,32.15,47.45,20.4,20.46,Whole Year,Mango
21.54,52.17,70.9,11.93,6.61,55.57,18.16,23.84,50.76,25.4,18.73,Whole Year,Grapes
20.21,60.41,76.3,10.27,6.87,52.23,16.39,29.93,50.13,19.94,16.41,Whole Year,Grapes
29.32,75.5,156.35,10.73,6.69,86.14,14.37,24.23,44.1,31.67,15.31,Whole Year,Papaya
16.81,69.11,86.65,7.02,6.53,45.66,20.59,22.99,44.65,32.36,15.39,Rabi,Beans
27.57,51.83,79.46,10.04,7.0,48.19,12.77,27.95,48.24,23.81,16.96,Whole Year,Grapes
32.44,52.8,153.54,6.52,6.36,68.78,15.58,28.46,41.58,29.96,19.35,Whole Year,Mango
22.4,51.86,72.01,8.34,6.68,48.22,15.43,26.41,49.64,23.95,16.16,Whole Year,Grapes
25.74,57.19,65.94,10.57,7.23,59.16,13.14,21.99,51.9,26.11,19.63,Whole Year,Grapes
27.67,69.36,160.99,8.77,6.97,80.19,20.7,29.38,41.79,28.83,23.85,Whole Year,Papaya
28.07,74.14,168.38,9.21,6.62,73.4,25.0,28.38,38.15,33.47,26.4,Whole Year,Banana
30.62,69.98,167.56,8.75,6.96,87.05,21.74,28.05,43.99,27.96,16.77,Whole Year,Papaya
24.05,75.13,179.06,9.82,6.54,80.47,23.9,24.34,36.46,39.2,21.64,Kharif,Rice
23.78,64.15,90.73,6.94,6.41,69.79,20.92,27.09,45.64,27.27,18.33,Whole Year,Orange
28.59,71.8,147.17,8.38,6.84,65.19,14.65,37.08,31.83,31.09,31.42,Kharif,Cotton
27.37,82.53,184.21,9.12,6.66,71.64,23.56,32.36,30.45,37.19,16.9,Kharif,Rice
26.27,56.92,80.1,9.59,6.8,29.84,15.87,26.95,47.0,26.05,21.42,Kharif,Black Gram Dal(Urd Dal)
30.47,68.46,70.61,8.78,6.97,28.97,14.56,29.38,42.48,28.14,17.8,Kharif,Black Gram Dal(Urd Dal)
29.65,58.52,121.27,10.74,6.82,65.94,20.69,35.98,42.68,21.34,22.79,Kharif,Maize
29.72,53.33,55.24,9.37,6.54,65.47,12.99,20.67,60.47,18.86,13.23,Whole Year,Water Melon
31.44,71.14,147.93,9.22,6.3,72.83,16.1,31.1,36.87,32.03,24.37,Kharif,Rice
25.93,64.34,71.59,9.48,6.41,34.01,13.44,28.74,41.06,30.2,17.3,Kharif,Black Gram Dal(Urd Dal)
20.7,59.69,117.39,6.5,5.55,42.18,14.4,24.07,47.34,28.59,15.11,Rabi,Beans
28.32,71.1,125.5,7.65,6.88,92.59,11.11,30.43,43.69,25.88,20.47,Whole Year,Papaya
26.58,58.08,69.19,10.05,6.45,30.31,10.33,31.42,41.14,27.44,20.35,Kharif,Black Gram Dal(Urd Dal)
24.22,64.54,101.46,11.91,6.63,68.08,17.05,30.83,44.68,24.49,17.08,Kharif,Maize
18.92,59.75,90.28,6.23,6.5,44.8,17.84,28.12,44.12,27.76,18.25,Rabi,Beans
28.74,41.5,49.39,10.8,6.68,63.28,13.29,19.23,63.12,17.65,13.98,Whole Year,Karbuja(Musk Melon)
24.21,62.43,73.8,8.82,6.33,65.96,17.95,26.31,46.35,27.34,18.06,Whole Year,Orange
28.64,73.01,151.55,9.26,6.86,92.61,25.0,26.64,46.25,27.11,20.45,Whole Year,Papaya
27.0,75.01,161.31,8.25,6.62,85.69,25.0,31.7,44.02,24.28,18.8,Whole Year,Papaya
29.57,52.35,98.93,10.01,6.12,61.94,25.0,28.43,50.27,21.3,19.0,Whole Year,Mango
28.36,59.12,62.33,9.95,6.8,51.37,14.36,28.38,50.1,21.52,20.19,Whole Year,Grapes
28.49,62.01,84.73,12.94,7.2,59.26,25.0,30.06,41.25,28.69,18.98,Whole Year,Pomegranate
26.28,57.49,93.33,8.23,7.06,74.11,25.0,28.27,41.38,30.35,21.46,Whole Year,Pomegranate
20.2,62.26,108.03,5.24,5.87,37.43,20.34,21.22,47.85,30.93,19.2,Rabi,Beans
26.47,58.18,70.79,13.99,6.9,57.19,13.18,27.91,44.96,27.13,17.32,Whole Year,Grapes
21.73,61.55,106.85,11.02,6.68,74.57,16.78,27.69,46.55,25.76,20.63,Whole Year,Orange
25.32,49.07,75.45,10.33,6.98,45.98,12.28,26.28,49.63,24.09,17.32,Whole Year,Grapes
26.71,55.87,178.28,7.56,7.14,54.27,13.75,36.23,29.19,34.58,32.15,Kharif,Cotton
31.44,56.87,80.19,8.81,6.96,35.79,14.86,33.21,39.66,27.13,15.19,Kharif,Black Gram Dal(Urd Dal)
28.18,71.69,185.29,9.31,6.5,82.96,23.41,24.52,37.08,38.4,26.1,Kharif,Rice
26.81,60.52,125.97,7.4,6.51,72.77,16.94,34.26,43.16,22.58,20.44,Kharif,Maize
24.06,66.26,116.7,13.08,6.9,74.37,18.83,30.23,45.1,24.67,19.34,Kharif,Maize
29.2,73.46,164.37,8.91,6.87,77.5,25.0,32.33,34.67,33.0,20.89,Whole Year,Banana
29.18,74.06,163.11,9.59,6.49,76.63,19.16,25.83,37.15,37.02,20.95,Kharif,Rice
28.9,77.9,174.86,9.14,6.65,89.84,25.0,31.23,35.8,32.97,26.63,Whole Year,Banana
26.85,65.86,141.16,10.9,6.81,60.32,12.34,35.79,31.35,32.86,27.07,Kharif,Cotton
24.96,57.99,57.53,9.1,7.24,50.79,14.94,22.0,51.08,26.92,18.83,Whole Year,Grapes
16.37,58.27,102.28,8.66,6.12,44.48,9.91,23.17,47.31,29.52,16.44,Rabi,Beans
23.83,69.54,185.65,6.91,6.94,94.87,25.0,27.76,37.28,34.96,23.4,Whole Year,Banana
29.31,66.18,68.78,8.84,6.84,37.86,12.4,32.42,42.48,25.1,17.26,Kharif,Black Gram Dal(Urd Dal)
18.69,57.13,75.99,6.21,6.06,40.83,14.33,27.41,44.96,27.63,15.56,Rabi,Beans
31.34,49.87,65.88,12.19,6.68,63.74,14.22,17.47,65.56,16.97,16.67,Whole Year,Water Melon
28.97,62.61,143.25,8.86,7.34,57.95,14.07,37.43,30.29,32.28,31.33,Kharif,Cotton
29.4,73.39,160.9,9.42,7.09,69.39,20.92,30.12,37.17,32.71,22.98,Kharif,Rice
30.58,48.09,50.02,11.15,6.71,77.62,15.95,15.38,64.13,20.49,12.41,Whole Year,Water Melon
30.9,81.11,166.11,7.58,6.33,86.9,24.11,31.28,37.24,31.48,20.75,Kharif,Rice
32.06,82.08,141.08,10.78,6.93,69.24,20.36,27.13,49.06,23.81,22.12,Whole Year,Papaya
31.27,54.01,59.13,11.61,6.44,73.56,14.48,21.7,56.79,21.51,13.02,Whole Year,Water Melon
28.87,44.78,47.86,11.51,6.29,54.96,12.76,17.2,62.08,20.72,17.13,Whole Year,Karbuja(Musk Melon)
24.67,73.4,116.66,7.28,7.22,60.49,15.2,25.68,49.06,25.26,18.7,Whole Year,Orange
34.07,51.81,63.55,9.11,6.74,59.94,15.6,15.55,60.5,23.95,14.73,Whole Year,Karbuja(Musk Melon)
27.06,59.67,124.34,10.29,6.83,84.67,16.45,33.01,43.63,23.36,22.76,Kharif,Maize
24.49,57.78,64.29,12.25,6.69,62.0,20.26,27.62,47.65,24.73,17.17,Whole Year,Grapes
30.56,44.86,59.41,12.52,6.39,72.02,14.83,19.87,59.42,20.71,16.63,Whole Year,Water Melon
30.47,52.35,91.68,5.52,6.36,83.52,20.37,31.27,45.97,22.76,23.15,Whole Year,Mango
30.39,75.4,203.85,8.65,6.45,83.05,21.8,29.14,41.52,29.34,25.56,Whole Year,Banana
28.99,76.99,189.87,6.12,6.76,80.91,25.0,31.05,37.68,31.27,24.01,Whole Year,Banana
29.68,77.15,152.49,10.45,6.75,79.11,21.48,23.58,51.69,24.73,17.36,Whole Year,Papaya
31.37,44.57,38.34,11.49,6.51,62.74,16.98,17.57,58.3,24.13,10.6,Whole Year,Karbuja(Musk Melon)
26.64,72.29,204.47,8.64,6.64,88.17,25.0,27.72,37.77,34.51,25.13,Kharif,Rice
27.87,68.68,163.55,7.38,6.56,88.25,25.0,29.07,34.11,36.82,28.07,Whole Year,Banana
26.24,73.64,176.16,7.88,6.81,87.82,23.98,27.41,37.76,34.83,24.56,Kharif,Rice
25.58,68.57,198.33,10.91,7.07,76.96,25.0,31.95,34.1,33.95,24.23,Whole Year,Banana
23.2,59.89,125.9,9.97,6.38,67.61,20.15,28.0,47.67,24.33,17.04,Whole Year,Orange
29.68,56.53,143.89,7.58,6.89,58.44,10.32,37.33,28.5,34.17,34.01,Kharif,Cotton
21.07,58.87,109.83,8.55,6.63,73.96,13.56,24.51,44.36,31.13,20.87,Whole Year,Orange
27.19,61.25,140.89,7.53,7.48,61.41,15.49,38.55,25.76,35.69,31.6,Kharif,Cotton
25.86,55.23,99.63,9.32,7.17,57.19,23.12,30.97,40.98,28.05,21.18,Whole Year,Pomegranate
28.76,76.33,142.39,10.08,7.03,82.29,17.71,24.94,45.77,29.29,21.38,Whole Year,Papaya
31.0,53.16,46.8,9.77,6.56,71.88,15.61,20.21,60.74,19.05,10.35,Whole Year,Water Melon
26.63,70.13,162.03,6.22,6.78,94.66,25.0,27.08,35.54,37.38,24.25,Whole Year,Banana
27.9,55.94,81.99,10.0,6.61,31.58,14.62,30.94,42.62,26.44,16.52,Kharif,Black Gram Dal(Urd Dal)
27.29,78.02,143.99,9.11,6.38,90.63,21.67,29.94,35.23,34.83,21.69,Kharif,Rice
29.95,62.66,83.15,8.09,6.6,36.2,10.11,30.87,43.37,25.76,18.9,Kharif,Black Gram Dal(Urd Dal)
28.7,54.65,146.43,9.44,7.15,62.48,16.31,41.49,26.83,31.68,32.83,Kharif,Cotton
27.83,63.47,79.32,8.27,6.45,33.8,10.49,32.49,38.14,29.37,16.87,Kharif,Black Gram Dal(Urd Dal)
32.45,61.47,143.31,6.79,6.4,68.03,18.14,32.46,44.02,23.52,22.43,Whole Year,Mango
28.15,74.24,167.04,5.52,6.73,78.26,21.06,26.56,39.22,34.22,26.56,Kharif,Rice
21.32,65.81,124.17,9.27,6.93,70.71,25.0,23.48,49.14,27.38,16.3,Whole Year,Orange
28.04,52.53,67.56,9.14,6.76,77.83,13.05,17.44,64.68,17.88,11.04,Whole Year,Water Melon
27.04,73.73,139.31,5.88,6.96,77.59,17.44,28.5,47.0,24.5,23.52,Whole Year,Papaya
25.27,65.91,130.41,9.65,6.77,64.61,20.77,26.9,48.55,24.55,16.58,Whole Year,Orange
26.92,74.71,169.23,10.97,6.74,72.18,22.79,28.37,32.92,38.71,26.87,Kharif,Rice
32.41,50.6,38.26,9.8,6.99,82.28,16.32,18.48,62.38,19.14,17.14,Whole Year,Water Melon
28.66,78.46,170.91,7.53,6.59,90.14,25.0,28.63,36.45,34.92,25.81,Whole Year,Banana
26.73,70.28,71.63,7.3,6.86,23.92,11.95,34.37,40.95,24.68,15.94,Kharif,Black Gram Dal(Urd Dal)
26.21,66.74,90.87,8.4,6.9,35.04,7.16,32.06,41.13,26.81,19.78,Kharif,Black Gram Dal(Urd Dal)
32.63,51.52,51.1,11.39,6.61,70.95,9.9,16.41,63.65,19.94,10.76,Whole Year,Karbuja(Musk Melon)
28.06,78.92,181.16,8.82,6.85,84.89,25.0,28.65,39.67,31.68,20.13,Whole Year,Banana
25.29,67.13,127.58,11.25,6.91,70.02,14.66,31.25,46.62,22.13,18.69,Kharif,Maize
30.91,75.69,142.6,10.27,6.59,67.7,17.9,25.92,44.78,29.3,24.22,Whole Year,Papaya
32.83,44.92,39.01,8.51,6.58,82.74,13.02,18.98,62.1,18.92,12.52,Whole Year,Karbuja(Musk Melon)
20.72,64.35,102.69,7.92,6.48,58.27,17.41,23.99,48.98,27.03,16.36,Whole Year,Orange
28.24,74.4,168.88,8.45,6.89,101.52,23.37,29.06,33.51,37.43,20.46,Kharif,Rice
28.32,61.47,129.12,8.71,7.2,52.71,12.07,35.96,29.41,34.63,36.05,Kharif,Cotton
17.42,62.9,92.29,7.52,6.15,33.32,11.56,24.24,49.54,26.22,16.92,Rabi,Beans
28.74,57.83,58.3,7.36,6.82,29.6,7.72,29.83,43.57,26.6,20.34,Kharif,Black Gram Dal(Urd Dal)
27.98,61.1,118.28,10.03,6.83,67.97,19.19,34.63,42.78,22.59,24.67,Kharif,Maize
26.54,54.04,83.91,9.95,6.56,65.68,25.0,31.8,41.68,26.52,19.27,Whole Year,Mango
36.73,54.32,73.8,11.01,6.7,78.64,20.9,18.9,62.42,18.68,12.69,Whole Year,Water Melon
24.11,64.98,87.21,6.07,6.05,36.81,11.83,27.34,40.47,32.19,18.82,Rabi,Beans
32.59,46.49,68.17,10.21,6.42,89.86,14.18,16.16,65.51,18.33,17.58,Whole Year,Water Melon
27.79,66.03,72.86,8.7,7.15,30.4,11.77,30.7,41.34,27.96,17.37,Kharif,Black Gram Dal(Urd Dal)
20.91,52.08,86.44,6.56,6.28,40.44,10.31,27.51,45.58,26.91,15.78,Rabi,Beans
32.47,57.66,87.36,15.49,6.52,89.36,8.53,22.86,60.43,16.71,14.64,Whole Year,Water Melon
24.11,55.02,62.54,11.53,6.73,52.6,16.37,24.54,53.67,21.79,19.44,Whole Year,Grapes
24.7,77.15,171.49,13.0,6.62,89.37,25.0,27.82,34.75,37.43,25.91,Whole Year,Banana
23.59,62.52,121.51,6.45,6.65,65.76,17.95,29.75,45.63,24.62,17.59,Whole Year,Orange
27.92,70.71,63.18,8.74,6.56,47.94,10.24,32.97,42.39,24.64,18.6,Kharif,Black Gram Dal(Urd Dal)
27.38,62.48,102.03,9.53,6.65,89.2,13.07,28.97,41.91,29.12,20.28,Kharif,Maize
26.08,60.11,77.38,10.01,6.77,36.4,13.57,31.55,44.6,23.85,19.44,Kharif,Black Gram Dal(Urd Dal)
26.45,66.45,118.96,9.52,6.65,69.17,18.33,31.98,42.69,25.33,14.77,Kharif,Maize
30.99,54.0,75.05,10.82,6.73,76.98,17.98,18.2,60.32,21.48,14.36,Whole Year,Water Melon
31.04,73.65,158.83,11.15,6.65,83.97,18.66,26.78,49.42,23.8,21.6,Whole Year,Papaya
29.8,50.27,58.33,10.31,6.7,81.83,10.62,16.27,64.87,18.86,13.77,Whole Year,Water Melon
32.9,48.19,48.21,11.81,6.79,59.64,13.6,16.59,62.98,20.43,16.07,Whole Year,Water Melon
28.72,55.49,109.27,10.14,6.47,63.45,22.33,28.32,46.56,25.12,22.61,Whole Year,Mango
28.76,71.01,175.73,9.78,6.7,101.19,25.0,28.35,36.3,35.35,25.27,Whole Year,Banana
28.88,52.83,39.52,10.5,6.6,70.26,11.23,21.59,59.18,19.23,11.82,Whole Year,Karbuja(Musk Melon)
28.37,62.39,128.47,8.86,6.92,62.94,14.75,38.64,27.71,33.65,35.11,Kharif,Cotton
29.1,54.71,168.45,10.89,6.73,62.0,12.93,38.94,28.29,32.77,31.84,Kharif,Cotton
28.26,54.97,151.95,8.3,6.67,60.54,16.9,37.03,29.93,33.04,33.48,Kharif,Cotton
28.67,74.93,198.69,7.98,6.83,83.47,25.0,30.01,34.22,35.77,23.32,Whole Year,Banana
28.83,63.24,77.87,7.37,7.2,37.09,13.05,29.89,45.19,24.92,18.95,Kharif,Black Gram Dal(Urd Dal)
28.41,58.08,117.79,9.75,7.22,77.13,25.0,32.39,44.94,22.67,17.14,Kharif,Maize
28.25,74.92,170.49,10.27,6.79,78.48,25.0,27.18,37.37,35.45,22.73,Whole Year,Banana
30.51,58.75,167.22,8.9,7.03,63.55,17.26,37.31,28.07,34.62,30.31,Kharif,Cotton
29.05,48.5,53.15,13.34,6.66,79.87,10.99,19.23,59.36,21.41,15.49,Whole Year,Karbuja(Musk Melon)
29.1,68.37,70.89,9.85,6.89,35.01,10.94,33.31,41.72,24.97,17.92,Kharif,Black Gram Dal(Urd Dal)
23.68,60.28,98.14,6.06,6.67,77.11,18.84,31.14,40.42,28.44,21.35,Whole Year,Orange
29.88,59.2,59.37,7.07,6.81,37.62,17.81,29.6,42.37,28.03,16.37,Kharif,Black Gram Dal(Urd Dal)
26.89,62.42,85.33,12.19,7.04,69.29,25.0,31.57,44.38,24.05,22.55,Whole Year,Pomegranate
26.99,60.97,110.14,6.43,6.45,83.0,16.86,41.1,33.86,25.04,16.4,Kharif,Maize
27.71,73.16,194.13,8.85,6.56,94.64,22.77,31.37,36.54,32.09,26.78,Whole Year,Banana
28.9,74.14,147.8,7.27,6.89,68.88,25.0,25.29,45.98,28.73,22.91,Whole Year,Papaya
28.08,70.96,174.06,12.27,6.48,77.0,25.0,29.71,36.47,33.82,25.06,Kharif,Rice
27.17,65.67,58.88,8.66,6.79,38.45,11.33,27.17,47.83,25.0,15.64,Kharif,Black Gram Dal(Urd Dal)
32.23,49.66,60.39,10.54,6.39,56.21,16.88,16.75,62.41,20.84,11.53,Whole Year,Karbuja(Musk Melon)
32.1,49.85,52.54,12.96,6.72,61.19,13.16,18.05,63.24,18.71,17.97,Whole Year,Karbuja(Musk Melon)
30.16,82.34,150.9,8.71,6.5,79.43,25.0,34.61,32.69,32.7,19.39,Kharif,Rice
24.12,65.56,91.8,8.74,6.71,69.21,15.87,26.66,47.84,25.5,19.46,Whole Year,Orange
27.53,58.1,75.54,9.18,6.79,65.33,16.03,25.6,50.64,23.76,19.03,Whole Year,Grapes
31.59,47.61,55.39,12.08,6.62,73.8,12.11,19.89,58.51,21.6,14.97,Whole Year,Karbuja(Musk Melon)
31.67,50.73,39.3,8.86,6.85,68.34,20.42,19.52,61.36,19.12,10.14,Whole Year,Karbuja(Musk Melon)
29.13,46.58,67.26,10.2,6.62,75.15,16.97,20.31,63.13,16.56,11.84,Whole Year,Water Melon
26.36,50.1,81.61,10.53,6.93,52.82,18.49,23.28,50.87,25.85,15.34,Whole Year,Grapes
25.21,65.95,69.2,8.75,6.82,28.93,14.03,29.8,46.79,23.41,19.58,Kharif,Black Gram Dal(Urd Dal)
30.11,60.86,108.97,9.22,6.5,59.76,19.07,35.7,41.45,22.85,21.48,Kharif,Maize
26.15,56.77,99.88,9.83,6.61,62.17,10.82,37.36,38.33,24.31,14.23,Kharif,Maize
29.93,51.44,71.62,15.09,6.57,65.6,14.5,15.83,64.72,19.45,13.09,Whole Year,Water Melon
29.51,65.36,123.6,12.61,6.95,66.22,17.82,29.58,41.75,28.67,20.96,Kharif,Maize
28.4,60.69,162.7,7.2,7.34,62.11,14.32,36.94,31.33,31.73,29.12,Kharif,Cotton
24.46,64.85,83.42,10.75,6.78,39.9,14.92,32.79,42.75,24.46,15.88,Kharif,Black Gram Dal(Urd Dal)
26.18,74.33,183.13,7.4,6.68,82.35,25.0,31.34,35.17,33.49,29.54,Whole Year,Banana
30.3,50.29,58.92,10.93,6.68,79.56,16.77,17.04,63.78,19.18,14.88,Whole Year,Water Melon
24.04,56.55,89.42,9.38,6.61,39.85,13.79,26.6,44.59,28.81,17.1,Rabi,Beans
25.51,63.03,164.5,9.45,6.91,91.19,25.0,29.74,30.02,40.24,23.98,Kharif,Rice
27.2,58.87,80.42,12.35,6.89,74.79,24.29,35.35,37.88,26.77,22.94,Whole Year,Pomegranate
19.29,56.52,100.5,7.71,6.14,38.38,16.69,27.98,44.14,27.88,16.1,Rabi,Beans
30.02,58.88,125.32,11.59,7.22,56.33,13.9,38.81,30.64,30.55,33.32,Kharif,Cotton
31.1,61.77,68.52,11.35,6.71,37.9,13.93,27.42,45.12,27.46,20.14,Kharif,Black Gram Dal(Urd Dal)
24.56,50.81,40.93,10.39,6.74,70.55,15.91,18.19,61.23,20.58,12.3,Whole Year,Karbuja(Musk Melon)
27.08,54.38,132.44,8.5,6.95,57.17,14.43,34.44,32.2,33.36,33.25,Kharif,Cotton
29.49,41.69,50.26,11.48,6.78,76.01,14.28,19.13,62.14,18.73,13.04,Whole Year,Karbuja(Musk Melon)
28.48,74.2,176.92,11.78,6.52,79.27,25.0,30.58,33.57,35.85,24.14,Whole Year,Banana
32.04,46.85,65.17,10.18,6.78,60.73,16.9,17.05,61.76,21.19,14.92,Whole Year,Water Melon
28.48,91.41,182.72,11.74,6.42,77.72,25.0,27.92,33.85,38.23,25.34,Kharif,Rice
30.04,50.34,122.57,9.0,6.69,71.54,18.47,30.62,44.5,24.88,22.32,Whole Year,Mango
29.0,75.77,205.01,9.07,6.51,94.78,25.0,26.02,39.46,34.52,25.98,Whole Year,Banana
29.03,55.48,137.72,10.48,7.02,67.01,11.9,34.2,30.14,35.66,32.0,Kharif,Cotton
31.11,50.82,64.57,11.49,7.15,75.02,8.61,15.77,66.58,17.65,12.04,Whole Year,Water Melon
25.27,56.21,155.22,8.21,7.33,68.14,14.62,38.21,30.25,31.54,35.91,Kharif,Cotton
32.23,69.1,123.64,9.27,6.42,89.62,21.99,25.36,50.43,24.21,23.47,Whole Year,Papaya
30.82,53.14,49.76,13.91,6.8,74.09,13.04,18.7,61.81,19.49,16.25,Whole Year,Water Melon
27.69,56.01,63.94,11.21,7.45,71.5,25.0,34.12,41.15,24.73,22.98,Whole Year,Pomegranate
26.56,51.62,69.57,8.76,6.71,52.37,16.22,25.25,52.04,22.71,17.77,Whole Year,Grapes
31.58,70.93,174.33,8.8,6.47,84.52,23.04,27.3,43.83,28.87,19.73,Whole Year,Papaya
28.6,55.16,121.76,8.94,6.72,66.2,16.11,30.8,43.26,25.94,20.54,Whole Year,Mango
27.74,63.22,63.88,7.95,6.92,39.88,11.66,28.36,44.89,26.75,17.68,Kharif,Black Gram Dal(Urd Dal)
28.75,70.68,150.99,9.13,6.67,66.4,25.0,26.44,47.23,26.33,22.51,Whole Year,Papaya
25.1,52.69,81.33,6.86,5.83,46.78,16.5,26.67,45.08,28.25,20.5,Rabi,Beans
28.12,47.07,65.39,9.86,6.93,82.06,14.35,22.04,56.55,21.41,9.87,Whole Year,Karbuja(Musk Melon)
35.92,56.69,109.84,9.28,6.01,58.2,20.2,26.9,48.24,24.86,26.21,Whole Year,Mango
29.31,69.27,166.84,9.41,6.83,58.73,25.0,29.95,34.73,35.32,30.78,Whole Year,Banana
28.83,72.83,180.76,9.0,6.59,95.47,22.48,30.48,34.49,35.03,21.26,Kharif,Rice
26.44,55.23,59.84,10.89,6.79,64.74,25.0,27.93,40.99,31.08,20.69,Whole Year,Pomegranate
24.42,60.78,69.91,9.91,6.77,60.2,15.03,25.57,52.2,22.23,14.51,Whole Year,Grapes
28.2,59.84,154.87,9.82,6.99,62.05,24.69,31.72,37.04,31.24,21.36,Kharif,Maize
21.32,54.93,65.31,8.13,6.84,54.32,15.45,26.1,46.69,27.21,21.02,Whole Year,Grapes
24.83,54.6,61.82,8.18,6.44,54.79,19.04,20.62,51.77,27.61,17.79,Whole Year,Grapes
22.47,65.84,85.77,5.47,6.37,38.69,20.31,27.98,46.03,25.99,14.86,Rabi,Beans
28.03,58.52,136.17,10.74,7.19,61.33,14.52,39.15,29.74,31.11,30.8,Kharif,Cotton
24.74,68.99,204.1,8.71,6.68,86.3,25.0,32.42,35.78,31.8,24.65,Whole Year,Banana
23.3,64.55,113.2,10.29,6.58,66.95,17.67,29.44,43.33,27.23,17.65,Whole Year,Orange
31.69,42.85,52.07,9.49,7.01,78.73,10.8,17.94,61.09,20.97,16.27,Whole Year,Karbuja(Musk Melon)
25.66,61.85,131.13,8.01,6.69,70.08,12.73,37.89,26.99,35.12,27.42,Kharif,Cotton
27.17,56.19,89.86,10.35,7.08,74.15,25.0,33.55,41.28,25.17,21.44,Whole Year,Pomegranate
29.35,54.97,49.04,9.05,7.1,68.37,12.79,17.73,63.44,18.83,12.45,Whole Year,Water Melon
27.26,56.48,70.63,11.26,6.91,62.26,10.74,23.16,51.64,25.2,19.13,Whole Year,Grapes
24.66,58.04,102.35,8.79,5.9,36.23,17.2,25.5,44.4,30.1,19.36,Rabi,Beans
30.44,53.18,54.93,10.2,6.78,51.53,15.23,15.97,63.85,20.18,9.43,Whole Year,Karbuja(Musk Melon)
29.06,66.12,88.43,9.64,6.7,72.65,14.74,39.46,39.96,20.58,23.72,Kharif,Maize
26.08,53.07,75.16,9.28,6.88,56.03,19.93,27.12,50.64,22.24,16.23,Whole Year,Grapes
31.58,71.94,160.11,6.28,6.73,84.33,16.18,28.25,46.3,25.45,19.86,Whole Year,Papaya
21.83,60.55,112.41,7.74,6.4,46.19,16.39,29.37,43.85,26.78,19.38,Rabi,Beans
22.31,63.0,101.02,6.7,6.67,78.0,15.9,28.21,47.4,24.39,17.06,Whole Year,Orange
19.02,66.03,105.09,8.21,6.24,39.17,13.74,29.02,45.27,25.71,15.87,Rabi,Beans
29.68,63.07,62.13,11.77,6.9,30.36,10.86,34.55,42.56,22.89,18.98,Kharif,Black Gram Dal(Urd Dal)
22.84,56.97,107.86,8.22,6.85,74.61,22.27,27.03,48.86,24.11,18.71,Whole Year,Orange
24.78,61.94,92.79,9.5,6.73,65.48,18.04,24.49,48.19,27.32,17.9,Whole Year,Orange
19.18,61.15,123.11,7.25,6.45,30.92,14.64,25.38,47.36,27.26,20.67,Rabi,Beans
23.97,56.76,82.47,7.36,5.72,43.68,12.12,26.92,43.4,29.68,14.78,Rabi,Beans
33.25,51.57,44.69,10.97,6.68,79.52,21.77,18.75,64.27,16.98,14.78,Whole Year,Water Melon
23.92,74.46,191.79,11.41,6.84,88.8,22.76,29.15,35.49,35.36,21.87,Kharif,Rice
28.66,61.1,82.79,8.28,7.07,83.64,25.0,28.86,40.37,30.77,22.19,Whole Year,Pomegranate
24.59,53.08,70.55,11.65,6.64,56.26,18.58,22.28,53.47,24.25,21.13,Whole Year,Grapes
30.39,72.33,167.32,10.14,6.34,73.45,25.0,26.47,35.76,37.77,21.96,Whole Year,Banana
25.21,60.65,57.77,8.14,7.28,41.19,12.03,25.74,42.45,31.81,17.22,Kharif,Black Gram Dal(Urd Dal)
28.35,73.29,156.83,6.95,6.16,85.63,25.0,29.04,34.67,36.29,24.48,Kharif,Rice
29.09,57.31,101.14,10.07,7.24,74.25,25.0,32.79,38.48,28.73,21.72,Whole Year,Pomegranate
30.24,61.22,85.48,11.09,6.99,78.65,25.0,30.55,40.86,28.59,22.18,Whole Year,Pomegranate
28.14,57.18,88.82,10.6,7.39,73.17,25.0,29.05,40.5,30.45,24.91,Whole Year,Pomegranate
27.82,67.61,121.21,9.51,6.68,76.06,13.92,25.52,45.29,29.19,19.07,Whole Year,Orange
20.43,58.64,103.59,6.83,5.99,48.84,17.46,28.0,44.02,27.98,17.51,Rabi,Beans
26.55,52.31,130.94,7.75,6.69,72.59,18.97,37.74,38.32,23.94,21.64,Kharif,Maize
33.81,55.42,131.05,7.81,6.57,71.07,13.98,27.79,44.1,28.11,18.62,Whole Year,Mango
31.65,47.64,45.26,11.3,6.22,69.45,10.17,20.33,60.34,19.33,13.14,Whole Year,Karbuja(Musk Melon)
21.85,61.25,112.42,6.02,6.31,31.73,14.16,28.54,40.79,30.67,15.61,Rabi,Beans
28.76,55.38,80.12,9.23,7.38,67.63,25.0,32.24,41.97,25.79,18.79,Whole Year,Pomegranate
27.7,54.87,83.06,11.0,7.2,71.13,25.0,33.22,39.8,26.98,21.67,Whole Year,Pomegranate
28.69,61.3,113.2,8.43,6.7,73.17,17.05,35.18,40.11,24.71,21.15,Kharif,Maize
31.98,62.74,107.58,7.74,6.83,94.11,25.0,31.7,44.19,24.11,16.88,Whole Year,Mango
28.4,75.3,184.95,9.6,6.77,80.76,24.77,25.63,40.74,33.63,27.2,Whole Year,Banana
27.36,81.8,179.9,10.45,6.77,82.83,18.51,29.59,32.81,37.6,22.2,Kharif,Rice
28.64,60.81,113.43,9.76,6.78,70.34,15.23,31.09,44.37,24.54,21.23,Whole Year,Orange
32.67,55.21,38.42,12.44,6.48,71.39,14.95,19.46,60.05,20.49,13.46,Whole Year,Karbuja(Musk Melon)
25.11,73.35,149.45,7.57,6.8,83.8,25.0,28.33,38.29,33.38,22.94,Kharif,Rice
27.52,71.05,120.99,7.63,6.99,74.98,23.04,28.41,47.19,24.4,18.56,Whole Year,Papaya
28.96,79.75,195.28,8.77,6.84,91.54,25.0,29.04,35.21,35.75,23.35,Whole Year,Banana
27.67,75.17,174.88,8.96,6.76,81.43,25.0,26.88,36.13,36.99,23.82,Kharif,Rice
20.93,58.01,91.63,8.56,6.62,36.69,12.46,27.04,45.09,27.87,19.03,Rabi,Beans
34.79,39.75,61.72,12.94,6.61,83.13,16.54,17.56,64.43,18.01,15.68,Whole Year,Water Melon
27.02,64.95,111.78,8.04,6.58,62.34,14.37,28.74,45.01,26.25,15.89,Whole Year,Orange
30.79,45.93,42.96,9.67,6.39,67.5,19.63,23.13,57.72,19.15,11.03,Whole Year,Karbuja(Musk Melon)
25.3,68.57,61.22,9.34,6.13,39.82,14.82,25.15,44.8,30.05,19.36,Rabi,Beans
30.63,59.94,129.75,9.21,6.74,70.51,13.35,39.47,30.81,29.72,34.27,Kharif,Cotton
26.43,64.55,130.64,8.58,6.64,82.08,9.11,33.47,45.54,20.99,17.83,Kharif,Maize
29.91,63.36,136.07,9.18,6.74,60.06,15.82,33.4,43.85,22.75,25.5,Kharif,Maize
19.13,52.18,96.24,6.08,6.13,44.26,15.79,27.97,44.39,27.64,17.55,Rabi,Beans
30.57,68.82,117.19,7.99,6.72,79.95,17.56,27.94,44.78,27.28,16.58,Whole Year,Papaya
29.21,67.98,63.81,9.31,6.61,37.96,15.78,30.13,44.57,25.3,21.54,Kharif,Black Gram Dal(Urd Dal)
19.42,61.8,90.66,9.21,6.51,36.18,14.4,24.59,44.12,31.29,13.68,Rabi,Beans
24.1,47.79,76.95,11.36,6.56,55.28,14.15,25.42,51.03,23.55,15.77,Whole Year,Grapes
28.42,49.36,38.27,10.57,6.74,82.63,18.67,20.55,61.79,17.66,11.74,Whole Year,Water Melon
30.35,43.22,45.99,11.68,6.4,73.06,19.43,13.83,65.5,20.67,12.05,Whole Year,Water Melon
34.67,51.7,66.19,10.6,6.33,81.86,10.29,19.62,61.83,18.55,14.88,Whole Year,Water Melon
28.33,52.59,120.27,7.87,6.36,68.94,14.8,31.98,43.77,24.25,20.0,Whole Year,Mango
27.06,63.89,69.6,6.91,6.88,70.52,25.0,28.95,38.59,32.46,24.47,Whole Year,Pomegranate
31.31,58.29,69.27,10.61,6.41,75.33,17.21,23.41,59.09,17.5,11.14,Whole Year,Karbuja(Musk Melon)
32.86,47.16,51.78,9.51,6.55,73.15,10.23,16.21,63.46,20.33,15.98,Whole Year,Karbuja(Musk Melon)
22.69,63.02,71.93,8.4,7.1,52.04,14.61,24.87,50.83,24.3,16.38,Whole Year,Grapes
27.4,73.56,182.02,10.18,6.93,81.8,25.0,32.54,33.47,33.99,24.1,Whole Year,Banana
24.97,52.63,78.26,11.65,7.06,60.72,18.44,25.67,48.85,25.48,14.85,Whole Year,Grapes
28.46,54.6,139.73,8.32,7.19,72.57,15.0,38.72,30.18,31.1,32.51,Kharif,Cotton
28.83,78.48,206.94,8.65,6.42,80.93,25.0,29.73,35.33,34.94,25.95,Whole Year,Banana
20.7,63.38,106.93,7.08,6.07,41.57,11.61,25.23,46.94,27.83,18.48,Rabi,Beans
27.99,46.6,69.83,9.96,6.63,74.12,18.74,28.58,42.84,28.58,22.57,Whole Year,Mango
30.04,47.31,65.52,11.11,6.97,64.88,16.75,20.28,58.57,21.15,12.97,Whole Year,Water Melon
22.91,67.61,102.13,9.21,6.5,37.96,13.54,25.7,47.93,26.37,17.07,Rabi,Beans
30.45,72.3,130.25,10.54,6.63,78.0,25.0,26.45,47.23,26.32,17.67,Whole Year,Papaya
28.42,64.92,71.19,9.54,6.88,43.32,8.36,28.59,45.9,25.51,20.41,Kharif,Black Gram Dal(Urd Dal)
28.45,58.64,46.49,10.37,6.22,53.03,20.32,25.22,51.34,23.44,17.27,Whole Year,Grapes
29.34,74.3,145.79,7.81,6.72,80.08,23.31,29.61,41.27,29.12,18.86,Whole Year,Papaya
26.57,66.99,84.35,11.46,6.71,75.39,17.82,29.87,44.04,26.09,20.01,Whole Year,Orange
32.03,50.66,61.48,10.62,6.79,72.47,16.62,21.2,56.07,22.73,13.98,Whole Year,Water Melon
29.51,53.94,47.54,10.71,6.55,60.12,15.19,15.28,62.02,22.7,11.66,Whole Year,Water Melon
31.26,48.78,63.79,10.27,6.75,64.54,14.81,17.1,62.32,20.58,14.56,Whole Year,Karbuja(Musk Melon)
28.29,50.82,49.22,10.41,6.59,56.2,15.07,22.81,59.05,18.14,10.61,Whole Year,Karbuja(Musk Melon)
26.88,58.64,102.06,9.94,7.13,82.7,25.0,29.83,43.1,27.07,18.38,Whole Year,Pomegranate
27.83,73.97,196.62,9.54,6.58,83.0,25.0,27.33,38.07,34.6,23.61,Kharif,Rice
18.42,65.68,81.71,5.5,6.25,46.76,11.82,24.45,43.1,32.45,14.51,Rabi,Beans
22.49,65.12,92.73,10.46,6.74,71.73,16.98,28.7,46.95,24.35,14.98,Whole Year,Orange
29.4,56.14,70.98,10.23,7.2,71.1,25.0,29.67,42.05,28.28,20.86,Whole Year,Pomegranate
27.64,70.27,164.87,7.36,6.47,80.27,22.39,28.1,46.49,25.41,14.69,Whole Year,Papaya
23.51,64.38,144.85,7.77,6.58,62.17,22.4,31.44,48.56,20.0,20.07,Whole Year,Orange
28.16,54.6,66.78,10.13,6.45,43.95,19.27,25.54,49.48,24.98,18.55,Whole Year,Grapes
28.04,71.16,183.88,10.71,6.83,97.01,25.0,28.09,36.11,35.8,26.0,Whole Year,Banana
32.87,60.08,110.73,10.19,6.53,63.79,15.11,26.79,45.55,27.66,18.93,Whole Year,Mango
27.51,55.02,168.31,6.54,7.19,65.02,13.9,37.63,28.7,33.67,27.84,Kharif,Cotton
28.98,77.85,171.26,8.33,6.96,78.05,24.57,29.43,32.36,38.21,22.21,Kharif,Rice
29.37,55.63,122.04,12.38,6.71,58.87,20.68,30.72,46.7,22.58,19.82,Whole Year,Mango
27.12,62.5,163.43,10.04,7.23,60.69,14.68,38.21,29.83,31.96,33.97,Kharif,Cotton
28.59,42.51,44.81,12.62,6.57,72.45,14.23,17.8,61.97,20.23,10.83,Whole Year,Karbuja(Musk Melon)
29.43,57.21,135.44,7.1,7.06,61.45,16.06,36.41,31.24,32.35,33.81,Kharif,Cotton
20.65,60.81,109.35,7.13,6.29,39.0,12.7,24.3,45.71,29.99,19.44,Rabi,Beans
27.89,60.78,128.05,9.84,7.22,66.06,21.09,37.05,44.37,18.58,20.02,Kharif,Maize
25.54,56.77,66.64,10.9,6.7,33.58,14.03,30.44,44.29,25.27,15.27,Kharif,Black Gram Dal(Urd Dal)
23.35,62.75,90.84,6.52,6.26,43.61,14.71,23.27,49.07,27.66,21.48,Rabi,Beans
29.06,57.04,93.82,12.33,7.26,71.89,25.0,28.98,41.58,29.44,26.11,Whole Year,Pomegranate
30.79,54.65,50.5,14.61,6.61,67.99,11.72,17.38,62.73,19.89,15.16,Whole Year,Water Melon
28.58,79.86,149.69,7.57,6.54,74.69,22.85,27.7,44.92,27.38,22.4,Whole Year,Papaya
22.81,66.65,115.05,6.67,6.78,77.16,22.29,26.83,43.45,29.72,15.25,Whole Year,Orange
27.88,67.9,199.43,10.73,6.91,72.19,25.0,30.39,34.57,35.04,23.98,Kharif,Rice
24.51,53.13,69.7,9.25,6.64,46.81,17.22,22.38,50.26,27.36,18.66,Whole Year,Grapes
27.84,62.91,71.0,7.13,6.96,37.55,13.82,26.78,44.23,28.99,18.88,Kharif,Black Gram Dal(Urd Dal)
28.6,51.1,74.35,12.58,7.55,63.41,23.85,33.03,38.91,28.06,20.69,Whole Year,Pomegranate
29.27,66.97,132.74,8.27,6.82,95.69,22.22,30.04,44.32,25.64,17.91,Whole Year,Papaya
21.52,58.43,63.31,6.93,6.71,51.7,15.75,26.74,47.57,25.69,13.85,Whole Year,Grapes
32.6,48.57,15.0,8.84,6.94,90.8,16.24,20.66,62.82,16.52,14.44,Whole Year,Water Melon
30.12,54.34,102.8,9.07,6.6,56.77,20.25,28.5,47.9,23.6,25.17,Whole Year,Mango
25.33,66.1,106.25,8.08,6.7,67.8,16.64,30.44,44.02,25.54,15.2,Whole Year,Orange
26.32,76.62,180.28,9.06,6.35,100.58,25.0,28.28,35.6,36.12,25.96,Whole Year,Banana
30.37,52.17,61.31,10.66,6.75,79.65,9.95,20.4,59.58,20.02,15.26,Whole Year,Water Melon
30.51,42.5,40.21,10.68,6.34,60.22,13.38,20.07,61.21,18.72,10.01,Whole Year,Karbuja(Musk Melon)
25.65,77.53,188.51,8.52,6.8,82.32,25.0,31.01,35.44,33.55,28.11,Whole Year,Banana
22.78,60.23,97.3,8.5,6.64,62.33,17.96,26.78,45.52,27.7,20.07,Whole Year,Orange
21.39,62.31,112.16,9.1,6.47,83.82,20.98,27.72,47.36,24.92,14.35,Whole Year,Orange
26.03,59.17,119.23,8.92,6.35,73.77,15.93,35.09,44.44,20.47,22.71,Kharif,Maize
32.81,46.07,46.45,9.06,6.05,52.52,8.77,19.64,61.83,18.53,13.78,Whole Year,Karbuja(Musk Melon)
22.79,64.51,103.26,7.23,6.49,74.18,18.91,27.33,48.1,24.57,20.41,Whole Year,Orange
30.49,56.4,104.06,10.92,6.81,72.15,25.0,27.34,44.45,28.21,23.09,Whole Year,Pomegranate
30.26,78.57,177.08,8.69,6.65,87.22,25.0,28.89,35.21,35.9,20.16,Whole Year,Banana
27.15,81.22,166.35,9.44,6.58,83.2,24.04,31.0,36.01,32.99,24.85,Kharif,Rice
27.39,62.84,124.64,9.22,6.57,79.98,12.38,32.54,37.99,29.47,24.68,Kharif,Maize
31.57,58.33,59.34,10.78,6.37,79.47,13.05,18.0,62.57,19.43,14.2,Whole Year,Karbuja(Musk Melon)
29.8,56.42,49.8,11.99,6.49,72.72,9.56,20.61,58.74,20.65,14.64,Whole Year,Karbuja(Musk Melon)
22.87,53.35,87.12,8.49,7.03,55.92,9.82,24.44,51.78,23.78,16.64,Whole Year,Grapes
28.42,73.51,188.22,10.17,6.82,80.43,15.39,31.84,33.24,34.92,26.63,Kharif,Rice
29.48,52.67,69.56,11.3,6.4,85.14,15.79,18.49,60.54,20.97,18.59,Whole Year,Water Melon
27.03,65.98,66.22,8.11,6.6,40.57,9.41,33.88,39.87,26.25,17.62,Kharif,Black Gram Dal(Urd Dal)
27.56,71.21,184.05,6.71,6.7,99.48,25.0,28.69,35.46,35.85,25.58,Whole Year,Banana
31.35,59.41,128.15,7.39,6.45,61.24,12.3,32.77,42.79,24.44,15.24,Whole Year,Mango
26.66,80.54,158.13,9.42,6.51,83.58,21.23,31.48,31.11,37.41,21.09,Kharif,Rice
29.94,51.55,110.83,9.51,6.84,67.78,24.69,26.97,45.79,27.24,22.24,Whole Year,Mango
24.3,61.31,128.04,10.7,7.37,64.75,13.77,38.48,31.27,30.25,34.48,Kharif,Cotton
30.76,73.1,126.88,9.43,6.99,85.94,22.88,26.47,46.29,27.24,17.5,Whole Year,Papaya
22.97,65.54,117.05,10.07,6.75,85.4,22.11,24.17,50.32,25.51,17.24,Whole Year,Orange
24.93,56.4,67.05,9.51,6.95,55.14,14.77,22.15,52.2,25.65,16.93,Whole Year,Grapes
29.6,55.22,98.94,11.46,6.68,62.97,14.63,33.36,41.93,24.71,21.85,Whole Year,Mango
29.16,66.15,153.95,10.65,6.49,81.19,20.01,29.33,46.31,24.36,20.08,Whole Year,Papaya
28.58,56.75,88.29,9.61,7.25,50.28,17.82,28.19,49.05,22.76,15.55,Whole Year,Grapes
32.31,61.39,98.64,8.35,6.9,65.3,25.0,28.12,38.24,33.64,22.5,Whole Year,Pomegranate
28.0,59.19,101.79,7.28,6.74,73.02,18.8,32.94,42.78,24.28,18.48,Whole Year,Orange
27.15,58.76,83.64,9.22,7.22,67.84,25.0,35.16,40.25,24.59,21.22,Whole Year,Pomegranate
26.59,63.9,117.44,10.33,6.59,51.34,12.03,37.67,42.98,19.35,18.87,Kharif,Maize
25.43,65.1,136.76,8.29,7.19,74.28,13.17,39.87,30.57,29.56,35.19,Kharif,Cotton
35.3,48.0,56.8,13.47,7.0,90.09,15.85,19.85,60.54,19.61,13.11,Whole Year,Water Melon
28.06,42.71,45.23,12.66,6.73,57.23,18.29,17.81,59.2,22.99,15.56,Whole Year,Karbuja(Musk Melon)
26.49,58.61,135.7,8.03,6.96,66.62,22.91,35.65,43.46,20.89,19.42,Kharif,Maize
26.47,62.89,107.68,8.35,6.22,43.77,19.52,22.38,44.53,33.09,15.13,Rabi,Beans
31.39,48.05,62.22,11.56,6.71,82.15,8.71,16.88,61.16,21.96,10.45,Whole Year,Water Melon
29.54,51.92,110.45,9.65,6.52,71.99,17.22,30.66,48.5,20.84,19.4,Whole Year,Mango
29.52,79.78,153.9,8.14,6.32,88.35,19.12,28.87,46.32,24.81,17.24,Whole Year,Papaya
31.78,48.02,44.58,11.4,7.15,86.76,17.44,16.5,64.6,18.9,13.38,Whole Year,Water Melon
31.15,59.46,101.82,10.33,6.52,60.51,14.94,33.44,41.32,25.24,21.92,Whole Year,Mango
27.22,61.27,64.39,12.08,6.76,38.22,12.53,31.61,42.62,25.77,19.17,Kharif,Black Gram Dal(Urd Dal)
28.52,61.19,119.44,5.27,7.02,64.8,15.19,38.8,31.8,29.4,28.55,Kharif,Cotton
24.25,59.06,90.55,6.08,6.52,55.7,14.04,29.28,42.43,28.29,15.06,Rabi,Beans
27.92,55.59,133.34,9.32,6.77,70.8,11.72,31.9,38.9,29.2,23.49,Kharif,Maize
29.37,59.01,108.83,10.72,6.52,81.01,18.0,28.3,43.75,27.95,21.77,Whole Year,Mango
34.05,59.13,110.44,11.21,6.25,70.8,18.55,33.41,43.37,23.22,19.48,Whole Year,Mango
32.44,54.94,69.78,9.74,6.63,80.21,9.82,16.46,61.42,22.12,16.46,Whole Year,Water Melon
20.39,56.91,92.19,6.29,6.43,47.79,17.22,25.58,44.36,30.06,16.48,Rabi,Beans
27.76,54.32,132.12,7.93,6.33,74.91,20.04,34.42,38.7,26.88,16.59,Kharif,Maize
29.95,52.85,54.24,10.08,6.36,68.77,13.75,24.15,57.32,18.53,10.2,Whole Year,Karbuja(Musk Melon)
26.8,52.24,89.38,6.93,7.15,79.64,25.0,32.46,40.75,26.79,19.78,Whole Year,Pomegranate
25.75,64.75,96.75,10.66,6.77,34.33,15.09,29.29,45.36,25.35,18.63,Kharif,Black Gram Dal(Urd Dal)
31.27,50.46,57.7,12.16,6.26,62.58,10.79,17.16,61.43,21.41,15.09,Whole Year,Karbuja(Musk Melon)
22.85,58.39,32.67,8.01,6.97,50.05,15.9,28.47,44.61,26.92,16.58,Whole Year,Grapes
28.14,62.89,87.07,7.3,7.23,69.64,25.0,31.6,40.15,28.25,20.87,Whole Year,Pomegranate
22.93,73.72,114.03,7.35,6.66,83.65,22.94,27.87,45.64,26.49,17.54,Whole Year,Orange
27.92,75.36,178.82,11.08,6.89,71.42,25.0,29.44,32.76,37.8,23.58,Kharif,Rice
31.92,45.91,42.51,10.85,6.33,73.67,11.15,18.0,60.4,21.6,11.44,Whole Year,Karbuja(Musk Melon)
33.81,42.64,55.0,13.12,6.31,67.39,11.45,17.92,62.54,19.54,12.14,Whole Year,Water Melon
30.32,49.81,66.18,9.39,6.83,87.77,17.4,16.51,60.58,22.91,13.84,Whole Year,Water Melon
27.38,59.93,115.89,8.42,7.08,56.33,20.69,37.35,38.77,23.88,18.98,Kharif,Maize
26.02,73.54,193.53,11.96,6.83,83.49,25.0,27.31,39.91,32.78,24.12,Whole Year,Banana
21.58,55.03,108.96,6.21,6.4,36.33,17.77,27.24,41.95,30.81,15.94,Rabi,Beans
27.01,56.58,100.43,9.32,7.53,65.19,25.0,31.04,40.91,28.05,19.72,Whole Year,Pomegranate
28.51,63.67,128.08,8.81,6.71,76.39,21.28,37.58,37.25,25.17,19.09,Kharif,Maize
28.47,69.03,151.99,11.98,6.78,76.3,25.0,22.81,50.63,26.56,18.19,Whole Year,Papaya
26.77,64.75,123.02,10.82,7.01,57.31,16.45,34.98,42.24,22.78,18.09,Kharif,Maize
30.4,75.52,119.66,6.59,6.55,82.9,25.0,24.83,46.02,29.15,23.6,Whole Year,Papaya
31.82,47.94,59.46,10.93,6.98,88.17,11.81,17.35,63.7,18.95,9.1,Whole Year,Water Melon
27.44,61.96,117.92,6.76,6.54,85.03,16.8,41.18,36.33,22.49,20.72,Kharif,Maize
28.92,81.56,171.85,7.82,6.9,106.29,25.0,29.31,34.26,36.43,24.04,Whole Year,Banana
25.7,61.88,107.27,10.56,6.74,73.6,16.57,28.83,43.97,27.2,19.53,Whole Year,Orange
27.44,47.72,65.59,16.4,6.44,63.63,7.98,17.97,62.51,19.52,15.58,Whole Year,Water Melon
27.44,78.73,182.51,9.67,6.72,101.23,19.74,32.51,34.89,32.6,22.43,Kharif,Rice
25.12,60.97,119.19,10.69,6.53,77.9,21.36,30.14,45.07,24.79,20.32,Whole Year,Orange
27.6,78.88,179.42,7.12,6.71,110.6,23.25,28.95,39.57,31.48,27.4,Whole Year,Banana
30.15,68.48,140.43,9.09,6.79,80.19,25.0,30.88,44.76,24.36,21.64,Whole Year,Papaya
27.78,56.53,80.74,11.13,7.48,65.27,25.0,30.14,42.59,27.27,21.74,Whole Year,Pomegranate
28.85,75.48,186.27,9.41,6.64,90.41,23.25,33.61,32.76,33.63,22.52,Kharif,Rice
30.77,71.84,190.27,8.33,6.68,87.81,25.0,28.54,29.92,41.54,22.96,Whole Year,Banana
27.95,75.85,176.64,9.34,6.57,83.22,23.67,29.83,33.84,36.33,24.8,Whole Year,Banana
26.4,59.35,75.97,8.52,7.28,66.25,25.0,26.75,42.91,30.34,22.09,Whole Year,Pomegranate
28.84,60.08,81.45,8.2,7.03,69.92,25.0,31.59,41.86,26.55,20.37,Whole Year,Pomegranate
27.08,70.49,168.25,10.12,6.51,87.59,24.2,33.28,34.9,31.82,18.27,Kharif,Rice
33.37,44.03,41.77,10.56,6.5,80.88,12.1,17.5,60.62,21.88,14.39,Whole Year,Karbuja(Musk Melon)
35.14,53.61,44.21,12.81,6.37,66.13,14.71,20.08,60.02,19.9,14.15,Whole Year,Karbuja(Musk Melon)
25.15,52.97,72.96,7.71,6.78,57.21,13.33,25.09,49.93,24.98,18.79,Whole Year,Grapes
33.8,55.76,87.39,6.68,6.45,70.23,15.38,28.99,44.62,26.39,16.98,Whole Year,Mango
28.81,67.32,99.29,9.53,6.61,70.53,23.01,32.5,44.36,23.14,22.42,Kharif,Maize
25.32,76.14,126.5,8.35,7.05,86.82,19.09,28.39,43.26,28.35,20.14,Whole Year,Papaya
27.34,73.75,127.31,6.08,6.7,87.87,20.19,29.47,48.95,21.58,22.56,Whole Year,Papaya
27.36,52.49,88.62,11.2,7.13,80.4,25.0,29.55,41.67,28.78,23.22,Whole Year,Pomegranate
23.21,56.76,58.63,11.15,7.02,47.42,21.92,22.67,50.38,26.95,18.61,Whole Year,Grapes
29.69,64.89,67.71,8.51,7.05,62.95,22.67,28.14,43.49,28.37,18.81,Whole Year,Pomegranate
21.47,52.47,62.37,10.68,6.88,49.46,14.54,27.48,46.15,26.37,15.59,Whole Year,Grapes
31.7,49.66,53.6,14.8,6.69,73.77,12.19,18.64,58.0,23.36,13.43,Whole Year,Water Melon
28.17,72.27,102.32,11.14,7.18,93.98,15.46,35.59,39.4,25.01,21.6,Kharif,Maize
35.42,52.93,119.58,7.84,6.13,73.88,13.8,32.05,43.18,24.77,18.3,Whole Year,Mango
25.74,63.16,103.96,10.1,6.81,74.38,12.0,33.25,43.56,23.19,20.87,Kharif,Maize
36.58,45.74,57.55,10.91,6.21,72.06,11.55,18.07,61.7,20.23,14.16,Whole Year,Water Melon
29.33,43.05,54.24,13.29,6.72,59.19,9.2,19.66,58.86,21.48,11.27,Whole Year,Karbuja(Musk Melon)
27.49,73.36,176.3,8.64,6.27,90.09,25.0,31.17,33.73,35.1,25.45,Whole Year,Banana
30.8,58.96,116.58,7.56,6.33,66.38,15.86,33.28,41.82,24.9,18.72,Whole Year,Mango
28.03,75.92,180.06,8.08,6.58,95.14,21.69,28.59,36.88,34.53,19.85,Kharif,Rice
31.7,48.93,47.09,12.69,6.59,74.23,11.3,21.91,58.5,19.59,13.56,Whole Year,Karbuja(Musk Melon)
29.94,56.08,69.98,6.87,6.81,99.02,14.69,16.42,63.76,19.82,13.39,Whole Year,Water Melon
24.41,52.39,62.78,11.64,6.72,55.89,13.49,23.84,52.28,23.88,17.27,Whole Year,Grapes
26.93,62.24,127.79,8.81,6.42,70.59,14.43,31.65,44.92,23.43,22.15,Kharif,Maize
29.16,60.77,79.59,8.85,7.01,40.81,13.49,32.15,42.94,24.91,18.61,Kharif,Black Gram Dal(Urd Dal)
26.48,79.17,175.72,10.02,6.68,75.97,23.42,31.67,35.24,33.09,25.79,Kharif,Rice
34.68,49.5,57.36,11.37,6.78,82.0,10.91,20.39,58.06,21.55,16.63,Whole Year,Water Melon
28.89,54.17,90.76,11.05,7.11,86.14,24.16,30.99,39.98,29.03,18.79,Whole Year,Pomegranate
26.7,72.41,176.07,10.14,6.64,82.84,25.0,27.56,31.4,41.04,19.0,Kharif,Rice
26.02,77.99,178.95,7.85,6.64,78.67,25.0,30.52,37.25,32.23,26.13,Whole Year,Banana
29.2,75.51,198.8,10.49,6.56,87.7,22.37,25.35,36.46,38.19,22.16,Whole Year,Banana
30.11,55.55,140.73,9.16,6.95,55.86,14.57,38.55,29.21,32.24,34.62,Kharif,Cotton
24.27,63.68,107.94,8.04,6.65,62.41,24.28,29.44,45.37,25.19,18.94,Whole Year,Orange
31.6,55.88,118.48,10.06,6.29,69.26,19.63,26.47,47.09,26.44,21.16,Whole Year,Mango
29.35,54.28,124.64,8.47,6.46,64.95,15.97,29.46,46.75,23.79,20.19,Whole Year,Mango
21.04,56.9,92.81,9.32,6.1,42.37,12.46,26.51,44.05,29.44,25.96,Rabi,Beans
25.68,72.91,198.27,9.66,6.65,76.79,21.31,30.83,37.94,31.23,22.34,Kharif,Rice
31.93,48.13,61.31,10.32,6.69,63.26,13.38,16.07,64.36,19.57,11.88,Whole Year,Karbuja(Musk Melon)
29.07,60.84,76.4,9.68,7.02,87.05,23.52,34.85,39.1,26.05,17.58,Whole Year,Pomegranate
34.57,48.99,46.02,11.57,6.74,64.34,13.27,15.34,63.37,21.29,13.37,Whole Year,Karbuja(Musk Melon)
27.79,62.72,71.9,9.39,7.02,84.55,25.0,30.21,38.48,31.31,20.16,Whole Year,Pomegranate
24.79,61.36,164.93,9.43,7.22,68.82,13.29,37.88,30.12,32.0,31.02,Kharif,Cotton
28.06,58.76,107.93,6.63,6.46,70.66,20.89,28.15,44.63,27.22,20.45,Whole Year,Mango
28.72,62.44,103.89,8.06,6.74,67.81,24.69,36.46,41.7,21.84,24.66,Kharif,Maize
23.35,64.95,104.16,9.64,7.02,68.02,21.32,28.3,44.58,27.12,21.73,Whole Year,Orange
21.83,69.59,151.55,10.7,7.0,67.59,15.77,27.97,47.18,24.85,18.99,Whole Year,Orange
33.1,55.94,79.96,7.44,6.76,64.33,25.0,30.8,41.95,27.25,22.14,Whole Year,Pomegranate
25.51,56.56,58.69,11.32,6.56,60.99,16.14,23.76,54.89,21.35,17.67,Whole Year,Grapes
21.88,58.33,104.2,8.96,6.46,41.21,12.03,25.13,41.56,33.31,18.65,Rabi,Beans
20.9,51.36,96.72,9.26,6.13,37.26,19.42,20.06,47.98,31.96,18.12,Rabi,Beans
25.75,78.08,179.35,8.64,6.73,62.0,23.94,27.64,38.13,34.23,20.22,Kharif,Rice
29.49,61.48,80.18,6.28,7.23,77.92,25.0,30.02,41.01,28.97,25.33,Whole Year,Pomegranate
28.21,66.81,129.67,8.86,6.41,88.61,15.52,28.33,43.71,27.96,25.17,Whole Year,Papaya
33.23,48.37,51.61,9.81,6.56,68.83,17.35,17.19,63.38,19.43,16.86,Whole Year,Water Melon
27.42,67.52,125.78,8.08,6.56,85.98,16.43,26.76,48.53,24.71,21.35,Whole Year,Papaya
31.3,50.26,77.29,8.86,6.94,80.59,10.58,17.66,62.19,20.15,15.01,Whole Year,Water Melon
27.51,79.25,161.87,10.89,6.84,89.33,25.0,30.17,34.38,35.45,19.12,Kharif,Rice
27.52,54.4,142.27,8.8,6.47,74.42,20.48,34.19,43.72,22.09,22.63,Whole Year,Mango
30.25,56.78,49.58,11.14,6.48,61.82,12.19,17.99,65.27,16.74,15.54,Whole Year,Karbuja(Musk Melon)
26.8,62.43,165.12,9.32,7.36,58.46,18.14,38.1,28.52,33.38,35.25,Kharif,Cotton
33.55,53.4,42.03,9.63,6.71,66.38,17.31,19.98,56.61,23.41,12.87,Whole Year,Karbuja(Musk Melon)
30.39,50.56,44.14,11.45,6.5,65.52,11.09,20.86,58.71,20.43,16.09,Whole Year,Karbuja(Musk Melon)
27.9,65.08,73.27,8.22,6.71,30.75,12.26,25.65,46.78,27.57,22.13,Kharif,Black Gram Dal(Urd Dal)
26.99,54.31,40.96,12.82,6.64,53.99,17.0,18.71,60.99,20.3,14.76,Whole Year,Karbuja(Musk Melon)
26.77,72.23,158.61,7.14,6.63,70.33,18.44,29.82,43.24,26.94,20.43,Whole Year,Papaya
23.98,61.91,60.14,8.41,6.74,40.45,16.65,32.94,43.08,23.98,20.77,Kharif,Black Gram Dal(Urd Dal)
29.08,72.64,146.36,8.53,6.34,72.83,21.87,29.25,46.16,24.59,19.1,Whole Year,Papaya
30.1,80.31,190.82,4.76,6.99,82.74,25.0,30.2,35.46,34.34,21.28,Whole Year,Banana
28.4,63.9,139.97,8.09,7.29,53.81,15.36,37.04,31.53,31.43,28.85,Kharif,Cotton
31.62,61.59,53.05,13.68,6.99,68.67,13.7,21.03,59.57,19.4,15.74,Whole Year,Water Melon
25.78,54.81,130.74,9.66,6.97,67.74,18.74,31.21,42.12,26.67,19.1,Kharif,Maize
29.74,57.87,46.26,11.11,6.8,62.86,20.19,15.17,62.29,22.54,16.01,Whole Year,Water Melon
25.27,70.21,183.66,9.78,6.29,73.23,13.78,25.73,37.53,36.74,19.0,Kharif,Rice
18.98,68.35,81.53,4.63,6.04,43.23,9.32,24.26,44.83,30.91,19.0,Rabi,Beans
35.58,41.65,55.09,11.44,6.6,69.03,18.69,14.97,61.94,23.09,14.85,Whole Year,Water Melon
27.52,69.54,190.89,10.5,6.59,104.18,25.0,31.12,35.19,33.69,27.23,Whole Year,Banana
32.58,55.56,94.79,8.65,6.61,69.13,15.26,31.31,42.39,26.3,18.74,Whole Year,Mango
29.0,73.93,172.35,10.19,6.83,80.33,22.17,32.85,37.17,29.98,25.33,Whole Year,Banana
26.41,61.0,95.11,8.66,7.05,69.42,18.19,27.91,46.22,25.87,15.91,Whole Year,Orange
27.78,81.42,160.32,10.52,6.73,86.42,20.11,34.78,32.24,32.98,23.05,Kharif,Rice
32.26,48.83,37.96,13.61,6.57,64.39,19.89,15.63,67.6,16.77,13.74,Whole Year,Water Melon
26.0,71.65,183.81,6.38,7.07,68.83,23.53,31.37,31.46,37.17,26.73,Whole Year,Banana
28.72,59.08,150.24,7.6,7.26,69.02,15.96,38.14,30.99,30.87,31.5,Kharif,Cotton
23.67,64.68,126.93,9.17,6.76,66.93,18.66,24.64,48.8,26.56,15.74,Whole Year,Orange
22.96,51.36,60.71,11.6,6.76,54.39,12.91,23.94,49.68,26.38,17.27,Whole Year,Grapes
21.81,58.86,80.91,10.53,6.85,74.56,19.77,30.17,44.47,25.36,14.84,Whole Year,Orange
28.23,62.15,63.09,8.25,7.27,66.86,25.0,31.82,42.95,25.23,23.99,Whole Year,Pomegranate
29.05,61.58,81.63,8.19,6.93,33.15,12.67,30.73,43.47,25.8,19.63,Kharif,Black Gram Dal(Urd Dal)
28.96,78.58,168.16,9.03,6.53,77.42,22.32,25.71,33.6,40.69,24.77,Whole Year,Banana
29.19,48.02,50.83,13.86,6.94,75.5,13.98,15.01,60.27,24.72,11.82,Whole Year,Water Melon
26.67,72.84,134.93,7.08,6.51,80.14,25.0,24.58,50.36,25.06,18.38,Whole Year,Papaya
21.92,63.89,150.03,7.3,6.68,57.59,16.92,27.12,47.07,25.81,17.12,Whole Year,Orange
23.71,60.9,104.41,8.34,6.68,71.57,13.06,33.77,42.77,23.46,13.58,Whole Year,Orange
22.92,58.92,87.84,7.33,6.23,31.02,13.29,28.68,45.81,25.51,16.97,Rabi,Beans
30.41,70.15,113.26,7.77,6.39,79.51,18.98,24.37,49.23,26.4,19.98,Whole Year,Papaya
32.88,68.37,142.1,12.89,6.88,86.69,23.43,25.87,45.29,28.84,18.4,Whole Year,Papaya
25.04,64.92,119.1,7.78,6.39,66.88,13.75,29.34,43.91,26.75,16.98,Whole Year,Orange
27.22,68.44,194.67,7.96,6.67,84.55,25.0,28.86,39.42,31.72,25.77,Whole Year,Banana
26.19,66.85,159.74,10.6,6.56,83.97,25.0,26.98,51.17,21.85,23.84,Whole Year,Papaya
29.69,71.99,191.56,10.34,6.61,97.53,25.0,27.27,35.72,37.01,21.46,Whole Year,Banana
22.53,61.38,96.9,5.73,6.39,44.44,15.11,28.16,40.99,30.85,15.58,Rabi,Beans
25.53,50.46,79.39,8.49,6.66,48.74,13.47,26.77,50.36,22.87,17.47,Whole Year,Grapes
20.74,67.28,81.09,7.76,6.31,42.55,14.36,26.7,46.67,26.63,19.73,Rabi,Beans
24.85,58.14,65.82,9.57,6.96,38.93,15.34,29.56,43.05,27.39,21.53,Kharif,Black Gram Dal(Urd Dal)
30.64,76.04,158.02,10.31,6.8,70.01,17.81,26.97,47.16,25.87,20.41,Whole Year,Papaya
25.02,59.62,72.79,8.84,6.54,51.99,14.03,27.82,48.42,23.76,19.0,Whole Year,Grapes
30.61,45.72,54.79,10.92,6.59,73.6,9.21,17.22,59.28,23.5,12.94,Whole Year,Karbuja(Musk Melon)
24.07,52.95,63.46,8.74,6.44,54.66,18.73,25.55,48.91,25.54,15.91,Whole Year,Grapes
22.41,51.47,74.23,10.66,6.74,68.91,14.0,25.69,50.21,24.1,17.25,Whole Year,Grapes
30.95,50.79,49.96,9.81,6.66,63.28,10.28,19.4,61.76,18.84,14.18,Whole Year,Karbuja(Musk Melon)
26.93,58.62,121.22,7.73,6.76,89.19,14.39,31.13,40.23,28.64,20.27,Kharif,Maize
25.75,49.44,63.17,9.65,6.52,54.68,20.63,22.43,55.5,22.07,16.61,Whole Year,Grapes
28.89,59.53,88.63,10.76,6.96,59.15,25.0,33.1,42.18,24.72,22.59,Whole Year,Pomegranate
24.39,57.58,155.19,5.64,7.34,56.83,13.4,36.39,30.21,33.4,38.23,Kharif,Cotton
26.51,58.04,86.19,9.07,7.25,70.17,25.0,30.0,44.45,25.55,20.09,Whole Year,Pomegranate
24.09,59.53,136.83,10.43,6.88,85.58,14.31,36.35,41.52,22.13,23.77,Kharif,Maize
24.07,56.65,66.76,10.83,6.76,56.06,12.41,26.46,47.56,25.98,13.43,Whole Year,Grapes
26.02,45.43,86.6,10.92,6.39,55.25,15.75,27.79,49.47,22.74,18.58,Whole Year,Grapes
20.34,47.11,61.78,11.46,6.57,52.68,8.42,28.46,45.9,25.64,17.08,Whole Year,Grapes
27.0,64.57,83.74,11.14,7.43,73.93,20.99,30.74,42.23,27.03,26.75,Whole Year,Pomegranate
29.51,67.69,141.62,9.32,6.17,78.68,14.0,26.01,45.08,28.91,19.87,Whole Year,Papaya
29.57,49.67,130.35,9.65,6.5,70.7,21.32,28.99,47.78,23.23,21.37,Whole Year,Mango
29.78,52.41,49.3,10.89,6.54,62.41,7.96,17.04,62.8,20.16,12.67,Whole Year,Karbuja(Musk Melon)
25.54,61.22,129.87,8.95,6.95,56.5,12.57,39.35,28.74,31.91,27.95,Kharif,Cotton
32.96,48.8,44.22,12.78,6.51,75.18,12.96,20.32,61.91,17.77,9.93,Whole Year,Karbuja(Musk Melon)
22.3,69.21,101.94,11.39,6.62,74.39,24.07,23.16,49.52,27.32,19.78,Whole Year,Orange
29.1,54.53,140.38,9.48,7.49,53.98,11.48,37.7,28.73,33.57,30.11,Kharif,Cotton
26.21,44.63,63.68,11.12,6.81,59.9,17.6,28.17,45.28,26.55,17.24,Whole Year,Grapes
27.45,54.1,74.14,9.32,6.73,29.39,15.61,30.27,42.96,26.77,17.23,Kharif,Black Gram Dal(Urd Dal)
30.26,50.73,117.86,7.16,6.2,71.9,14.34,28.2,44.45,27.35,14.73,Whole Year,Mango
28.96,74.99,173.32,8.43,6.48,79.1,24.68,25.7,36.67,37.63,23.66,Kharif,Rice
28.06,65.2,78.62,7.91,6.85,38.25,9.64,31.19,42.12,26.69,21.41,Kharif,Black Gram Dal(Urd Dal)
23.37,66.23,144.36,9.47,6.89,71.28,13.09,36.12,37.62,26.26,20.01,Kharif,Maize
26.21,64.12,148.31,7.82,7.31,58.64,12.35,37.8,31.14,31.06,33.74,Kharif,Cotton
25.8,59.52,83.06,9.39,6.96,73.28,25.0,30.34,39.0,30.66,22.13,Whole Year,Pomegranate
30.27,55.45,135.47,10.99,6.86,59.58,14.22,40.58,27.53,31.89,32.85,Kharif,Cotton
20.51,57.98,101.14,8.24,6.58,38.2,12.7,19.25,49.78,30.97,14.55,Rabi,Beans
28.48,70.33,104.71,6.86,7.06,73.44,23.86,25.64,43.63,30.73,22.38,Whole Year,Papaya
26.33,54.21,71.41,8.73,7.5,90.23,25.0,32.95,39.02,28.03,21.75,Whole Year,Pomegranate
28.92,82.13,206.13,9.68,6.87,100.33,25.0,26.54,36.92,36.54,23.62,Kharif,Rice
26.35,61.91,62.71,9.53,6.79,52.49,14.84,27.63,46.17,26.2,15.28,Whole Year,Grapes
23.35,57.41,93.18,11.21,6.57,70.41,15.3,32.08,40.49,27.43,16.26,Whole Year,Orange
30.34,45.5,77.75,9.21,6.3,76.77,11.41,20.69,61.09,18.22,11.96,Whole Year,Karbuja(Musk Melon)
29.1,52.71,34.89,13.08,6.81,69.5,14.61,22.65,59.0,18.35,18.46,Whole Year,Karbuja(Musk Melon)
28.98,84.58,197.54,7.98,6.59,78.13,20.79,29.48,35.17,35.35,25.65,Kharif,Rice
29.48,73.73,201.2,7.47,6.95,87.78,25.0,29.4,34.51,36.09,26.91,Whole Year,Banana
31.24,53.64,68.88,6.64,6.83,65.47,25.0,31.52,47.58,20.9,18.47,Whole Year,Mango
21.16,66.54,77.74,7.12,6.1,39.81,21.28,30.56,39.71,29.73,17.3,Rabi,Beans
22.06,45.8,78.34,11.74,6.91,49.45,17.85,26.76,48.79,24.45,16.14,Whole Year,Grapes
32.93,48.75,45.0,13.0,6.5,82.2,17.39,17.64,64.38,17.98,14.74,Whole Year,Water Melon
25.99,59.84,58.23,11.9,6.56,35.48,17.14,34.38,41.03,24.59,17.45,Kharif,Black Gram Dal(Urd Dal)
28.26,61.31,113.5,11.77,7.15,64.5,14.95,38.67,29.69,31.64,35.51,Kharif,Cotton
30.15,66.23,68.49,8.44,6.82,31.48,16.1,29.23,45.14,25.63,16.4,Kharif,Black Gram Dal(Urd Dal)
29.91,72.78,187.51,9.33,6.74,91.23,25.0,28.0,35.46,36.54,29.94,Whole Year,Banana
29.37,50.72,134.94,9.48,6.44,79.9,16.01,31.93,46.1,21.97,24.99,Whole Year,Mango
33.2,47.7,68.66,11.64,6.72,85.25,16.6,15.82,64.15,20.03,13.01,Whole Year,Water Melon
27.2,77.02,192.43,7.66,6.54,75.24,25.0,30.46,35.81,33.73,25.62,Whole Year,Banana
23.05,66.24,140.06,8.23,6.87,66.14,12.55,27.63,44.45,27.92,19.95,Whole Year,Orange
21.58,56.22,105.32,7.55,6.64,47.69,17.32,31.14,44.43,24.43,17.18,Rabi,Beans
27.62,50.31,40.34,9.79,6.7,61.26,9.66,20.32,61.38,18.3,14.49,Whole Year,Karbuja(Musk Melon)
24.51,41.63,80.98,9.97,6.58,55.64,18.59,22.56,50.97,26.47,17.35,Whole Year,Grapes
24.77,73.69,162.16,7.01,6.61,74.25,20.99,27.71,36.96,35.33,24.47,Kharif,Rice
28.44,60.43,81.44,11.22,6.98,76.49,25.0,28.29,43.41,28.3,20.75,Whole Year,Pomegranate
26.3,44.44,81.3,10.7,7.29,47.76,11.43,24.47,49.72,25.81,17.79,Whole Year,Grapes
26.56,65.64,81.26,8.99,6.95,29.17,12.89,28.09,44.03,27.88,15.4,Kharif,Black Gram Dal(Urd Dal)
27.73,63.12,105.69,6.74,6.43,67.3,16.67,29.0,47.18,23.82,18.1,Whole Year,Mango
26.18,60.95,119.13,11.88,6.81,71.44,18.13,34.02,44.84,21.14,15.05,Kharif,Maize
32.25,47.01,59.14,12.94,6.52,94.24,16.77,17.44,64.74,17.82,14.04,Whole Year,Water Melon
32.13,53.15,102.91,8.79,6.57,58.93,22.02,30.66,43.15,26.19,20.75,Whole Year,Mango
28.99,76.78,175.35,7.28,6.84,88.02,25.0,26.6,37.51,35.89,30.17,Whole Year,Banana
24.71,75.95,184.58,9.79,6.49,84.57,25.0,30.63,35.74,33.63,24.1,Kharif,Rice
32.17,53.41,48.77,10.96,6.93,78.27,18.54,16.53,65.16,18.31,15.39,Whole Year,Water Melon
29.24,57.18,55.08,11.67,6.82,69.04,14.28,16.0,61.21,22.79,10.17,Whole Year,Karbuja(Musk Melon)
21.58,73.27,103.87,10.11,6.8,75.18,14.62,27.56,44.48,27.96,19.81,Whole Year,Orange
29.6,63.81,120.13,8.94,6.61,82.31,18.88,37.09,41.91,21.0,17.93,Kharif,Maize
30.2,53.6,59.49,9.86,6.59,69.64,6.83,15.43,64.48,20.09,12.12,Whole Year,Karbuja(Musk Melon)
30.69,73.94,137.72,10.48,6.37,84.38,17.57,30.12,45.77,24.11,21.93,Whole Year,Papaya
25.87,54.05,79.6,7.88,7.15,78.11,25.0,30.25,38.38,31.37,19.98,Whole Year,Pomegranate
